snt_id,cn_snts,section,chinese_offset
1,当 我 还 只有 六 岁 的 时候 在 一 本 描写 原始 森林 的 名 叫 真实 的 故事 的 书 中 看到 了 一 幅 精彩 的 插画,1,7.47
2,画 的 是 一 条 蟒蛇 正在 吞食 一 只 大 野兽,1,11.3
3,页头 上 就 是 那 幅 画 的 摹本,1,14.07
4,这 本 书 中 写道 这些 蟒蛇 把 它们 的 猎获物 不加 咀嚼 地 囫囵 吞下,1,19.93
5,尔后 就 不 能 再 动弹 了 它们 就 在 长长 的 六 个 月 的 睡眠 中 消化 这些 食物,1,26.22
6,当时 我 对 丛林 中 的 奇遇 想 得 很 多 于是 我 也 用 彩色 铅笔 画 出 了 我 的 第一 幅 图画,1,34.13
7,我 的 第一 号 作品,1,35.98
8,它 是 这样 的 我 把 我 的 这 幅 杰作 拿 给 大人 看 我 问 他们 我 的 画 是 不 是 叫 他们 害怕,1,44
9,他们 回答 我 说 害怕 一 顶 帽子 有 什么 可怕 的,1,49.6
10,我 画 的 不 是 帽子,1,51.7
11,是 一 条 巨蟒 在 消化 着 一 头 大象,1,54.39
12,既然 大人们 不 能够 理解 于是 我 又 把 巨蟒 肚子 里 的 情况 画 了 出来 以便 让 大人们 能够 看懂,1,61.97
13,这些 大人 总是 需要 解释,1,64.53
14,我 的 第二 号 作品 是 这样 的 大人们 劝 我 把 这些 画 着 开 着 肚皮 的 或 闭上 肚皮 的 蟒蛇 的 图画 放在 一边 还是 把 兴趣 放 在 地理 历史 算术 语法 上,1,77.91
15,就 这样 在 六 岁 的 那 年 我 就 放弃 了 当 画家 这 一 美好 的 职业,1,83.63
16,我 的 第一 号 第二 号 作品 的 不 成功 使 我 泄 了 气,1,87.82
17,这些 大人们 靠 他们 自己 什么 也 弄 不 懂 还 得 老是 不断 地 给 他们 作 解释,1,93.93
18,后来 我 只好 选择 了 另外 一 个 职业 我 学会 了 开 飞机,1,99.46
19,世界 各 地 差不多 都 飞到 过,1,101.71
20,的确 地理学 帮 了 我 很 大 的 忙,1,104.78
21,我 一眼 就 能 分辨 出 中国 和 亚利桑那,1,107.7
22,要是 夜里 迷失 了 航向 这 是 很 有用 的,1,110.7
23,这样 在 我 的 生活 中 我 跟 许多 严肃 的 人 有 过 很多 的 接触,1,115.83
24,我 在 大人们 中间 生活 过 很 长 时间,1,118.51
25,我 仔细 地 观察 过 他们,1,120.52
26,但 这 并没有 使 我 对 他们 的 看法 有 多 大 的 改变,1,124.18
27,当 我 遇到 一 个 头脑 看来 稍微 清楚 的 大人 时 我 就 拿出 一直 保存 着 的 我 那 第一 号 作品 来 测试 测试 他,1,132.24
28,我 想 知道 他 是否 真的 有 理解 能力,1,135.59
29,可是 得到 的 回答 总 是 这 是 顶 帽子,1,139.44
30,我 就 不 和 他 谈 巨蟒 呀 原始 森林 呀 或者 星星 之类 的 事,1,144.33
31,我 只得 迁就 他 的 水平,1,146.27
32,和 他们 谈 些 桥牌 呀 高尔夫球 呀 政治 呀 领带 呀 这些,1,150.76
33,于是 大人们 就 十分 高兴 能 认识 我 这样 一 个 通情达理 的 人,1,156.02
34,我 就 这样 孤独 地 生活 着 没有 一 个 能 真正 谈 得 来 的 人 一直 到 六 年 前 在 撒哈拉 沙漠 上 发生 了 那 次 故障,1,165.43
35,我 的 发动机 里 有 个 东西 损坏 了 当时 由于 我 既 没有 带 机械师 也 没有 带 旅客 我 就 试图 独自 完成 这个 困难 的 维修 工作,1,175.31
36,这 对 我 来说 是 个 生 与 死 的 问题,1,178.56
37,我 随身 带 的 水 只 够 饮用 一 星期,1,181.7
38,第一 天 晚上 我 就 睡 在 这 远离 人间 烟火 的 大 沙漠 上,1,186.15
39,我 比 大海 中 伏 在 小 木排 上 的 遇难者 还 要 孤独 得 多,1,190.54
40,而 在 第二 天 拂晓 当 一 个 奇怪 的 小 声音 叫醒 我 的 时候 你们 可以 想见 我 当时 是 多么 吃惊,1,198.41
41,这 小小 的 声音 说道 请 你 给 我 画 一 只 羊 好 吗,1,203.43
42,啊,1,204.58
43,给 我 画 一 只 羊,1,206.44
44,我 像 是 受到 惊雷 轰击 一般 一下子 就 站立 起来,1,210.66
45,我 使劲 地 揉 了 揉 眼睛,1,212.91
46,仔细 地 看 了 看,1,213.88
47,我 看见 一个 十分 奇怪 的 小家伙 严肃 地 朝 我 凝眸 望 着,1,218.33
48,这 是 后来 我 给 他 画 出来 的 最 好 的 一 幅 画像,1,222.14
49,可是 我 的 画 当然 要 比 他 本人 的 模样 逊色 得 多,1,227.34
50,这 不是 我 的 过错,1,229.17
51,六 岁 时 大人们 使 我 对 我 的 画家 生涯 失去 了 勇气 除了 画 过 开 着 肚皮 和 闭 着 肚皮 的 蟒蛇 后来 再 没有 学 过 画,1,238.96
52,我 惊奇 地 睁大 着 眼睛 看 着 这 突然 出现 的 小家伙,1,243.49
53,你们 不要 忘记 我 当时 处 在 远离 人烟 千 里 之外 的 地方,1,248.43
54,而 这个 小家伙 给 我 的 印象 是 他 既 不 象 迷 了 路 的 样子 也 没有 半点 疲乏 饥渴 惧怕 的 神情,1,256.59
55,他 丝毫 不 象 是 一 个 迷失 在 旷无人烟 的 大 沙漠 中 的 孩子,1,261.36
56,当 我 在 惊讶 之中 终于 又 能 说出 话 来 的 时候 对 他 说道 唉 你 在 这 干 什么,1,268.91
57,可是 他 却 不慌不忙 地 好象 有 一 件 重要 的 事 一般 对 我 重复 地 说道 请 给 我 画 一 只 羊 当 一 种 神秘 的 东西 把 你 镇住 的 时候 你 是 不 敢 不 听从 它 的 支配 的,1,283.25
58,在 这 旷无人烟 的 沙漠 上 面临 死亡 的 危险 的 情况 下 尽管 这样 的 举动 使 我 感到 十分 荒诞 我 还是 掏出 了 一 张 纸 和 一 支 钢笔,1,293.68
59,这时 我 却 又 记起 我 只 学 过 地理 历史 算术 和 语法 就 有点 不 大 高兴 地 对 小家伙 说 我 不 会 画画,1,303.94
60,他 回答 我 说 没有 关系,1,306.91
61,给 我 画 一 只 羊 吧,1,308.46
62,因为 我 从来 没有 画 过 羊 我 就 给 他 重 画 我 所 仅仅 会 画 的 两 幅 画 中 的 那,1,314.9
63,闭着 肚皮 的 巨蟒,1,316.19
64,不 不 我 听 了 他 的 话 简直 目瞪口呆,1,321.03
65,我 不 要 蟒蛇 它 肚子 里 还 有 一 头 象,1,324.93
66,巨蟒 这 东西 太 危险 大象 又 太 占 地方,1,328.81
67,我 住 的 地方 非常 小,1,330.8
68,我 需要 一 只 羊,1,332.19
69,给 我 画 一 只 羊 吧,1,334.32
70,我 就 给 他 画 了,1,336.38
71,他 专心 地 看 着 随后 又 说 我 不要,1,340.44
72,这 只 羊 已经 病 得 很 重 了,1,343.04
73,给 我 重新 画 一 只,1,344.82
74,我 又 画 了 起来 我 的 这 位 朋友 天真 可爱 地 笑 了 你 看 你 画 的 不 是 小羊 他 说 是 头 公羊,1,355.7
75,还 有 犄角 呢 于是 我 又 重新 画 了 一 张 这 幅 画 同 前 几 幅 一样 又 被 拒绝 了 这 一 只 太 老 了,1,365.73
76,我 想要 一 只 能 活 得 长 的 羊,1,368.47
77,我 不耐烦 了 因为 我 急于 要 检修 发动机 于是 就 草草 画 了 这 张 画 并且 匆匆 地 对 他 说道 这 是 一 只 箱子,1,378.68
78,你 要 的 羊 就 在 里面,1,380.55
79,这时 我 十分 惊奇 地 看到 我 的 这 位 小 评判员 喜笑颜开 他 说 这 正 是 我 想 要 的,1,389.07
80,你 说 这 只 羊 需要 很多 草 吗,1,391.96
81,为什么,1,393.29
82,因为 我 住 的 地方 一切 都 非常 小 地方 小 也 够 喂养 它 的 我 说,1,400.07
83,我 给 你 画 的 是 一 只 很 小 的 小羊,1,402.94
84,他 把 脑袋 靠 近 这 张 画 并 不 像 你 说 的 那么 小,1,408.64
85,它 睡着 了 就 这样 我 认识 了 小王子,1,413.42
86,我 费 了 好 长 时间 才 弄 清楚 他 是 从 哪里 来 的,1,417.72
87,小王子 向 我 提出 了 很多 问题 可是 对 我 提出 的 问题 他 好象 压根 没有 听见 似的,1,424.44
88,他 无意 中 吐露 的 一些 话 逐渐 使 我 搞清 了 他 的 来历,1,428.47
89,例如 当 他 第一 次 瞅见 我 的 飞机 时 我 就 不 画出 我 的 飞机 了 因为 这 种 图画 对 我 来说 太 复杂 他 问 我 道 这 是 个 啥 玩意,1,439.14
90,这 不 是 玩意,1,440.94
91,它 能 飞,1,441.89
92,这 是 飞机,1,443.14
93,是 我 的 飞机,1,444.32
94,我 当时 很 骄傲 地 告诉 他 我 能 飞,1,447.08
95,于是 他 惊奇 地 说道 怎么,1,449.95
96,你 是 从 天 上 掉 下来 的,1,451.93
97,是 的 我 谦逊 地 答道,1,454.61
98,啊,1,455.4
99,这 真 滑稽,1,456.75
100,此时 小王子 发出 一 阵 清脆 的 笑声 这 使 我 很 不 高兴,1,462.01
101,我 要求 别人 严肃 地 对待 我 的 不幸,1,464.58
102,然后 他 又 说道 那么 你 也 是 从 天 上 来 的 了,1,469.1
103,你 是 哪个 星球 上 的,1,471.23
104,即刻 对于 他 是 从 哪里 来 的 这个 秘密 我 隐约 发现 到 了 一点 线索 于是 我 就 突然 问道 你 是 从 另 一 个 星球 上 来 的 吗,1,481.95
105,可是 他 不 回答 我 的 问题,1,484.27
106,他 一面 看 着 我 的 飞机 一面 微微 地 点点 头 接着 说道 可 不 是 么 乘坐 这 玩艺 你 不 可能 是 从 很 远 的 地方 来 的 说到 这里 他 就 长 时间 地 陷入 沉思 之中,1,497.43
107,然后 从 口袋 里 掏出 了 我 画 的 小羊 看 着 他 的 宝贝 入 了 神,1,502.08
108,你们 可以 想见 这 种 关于 别的 星球 的 若明若暗 的 话语 使 我 心里 多么 好奇,1,507.48
109,因此 我 竭力 地 想 知道 其中 更 多 的 奥秘 你 是 从 哪里 来 的 我 的 小家伙,1,513.5
110,你 的 家 在 什么 地方,1,515.21
111,你 要 把 你 的 小羊 带到 哪里 去,1,517.43
112,他 沉思 了 一会 然后 回答 我 说 好在 有 你 给 我 的 那 只 箱子 夜晚 可以 给 小羊 当 房子 用,1,525.25
113,那 当然,1,526.67
114,如果 你 听话 的话 我 再 给 你 画 一 根 绳子 白天 可以 它,1,531.16
115,我 的 建议 看来 有点 使 小王子 反感 它,1,536.01
116,多么 奇怪 的 主意,1,537.52
117,如果 你 不 它 它 就 到处 跑 那么 它 会 跑 丢 的,1,542.27
118,我 的 这 位 朋友 又 笑 出 了 声 你 想 要 它 跑到 哪里 去 呀,1,547.55
119,不管 什么 地方,1,549.31
120,它 一直 往 前 跑 这时 小王子 郑重其事 地 说 这 没有 什么 关系 我 那里 很 小 很 小,1,557.74
121,接着 他 略 带 伤感 地 又 补充 了 一 句 一直 朝 前 走 也 不会 走出 多 远,1,564.95
122,我 还 了解 到 另 一 件 重要 的 事 就是 他 老家 所在 的 那个 星球 比 一 座 房子 大 不 了 多少,2,6.22
123,这 倒 并没有 使 我 感到 太 奇怪,2,8.82
124,我 知道 除 地球 木星 火星 金星 这 几 个 有 名称 的 大 行星 以外 还 有 成百 个 别的 星球 它们 有的 小 得 很 就 是 用 望远镜 也 很 难 看见,2,20.39
125,当 一 个 天文 学者 发现 了 其中 一个 星星 他 就 给 它 编上 一 个 号码,2,25.85
126,例如 把 它 称作 325 小 行星,2,28.83
127,我 有 重要 的 根据 认为 小王子 所 来自 的 那个 星球 是 小 行星 B612,2,34.96
128,这 颗 小 行星 仅仅 被 用 望远镜 看见 过 一 次 在 1909年 被 一 个 土耳其 天文学家,2,42.34
129,当时 他 曾经 在 一 次 国际 天文学家 代表 大会 上 对 他 的 发现 作 了 重要 的 论证,2,49.41
130,但 由于 他 所 穿 衣服 的 缘故 那时 没有 人 相信 他,2,53.93
131,那些 大人们 就是 这样,2,56.39
132,幸好 土耳其 的 一 个 独裁者 为了 小 行星 B612 的 声誉 迫使 他 的 人民 都 要 穿 欧式 服装 否则 就 处以 死刑,2,67.13
133,1920年 这 位 天文学家 穿 了 一身 非常 漂亮 的 服装 重新 作 了 一 次 论证,2,73.53
134,这 一 次 所有 的 人 都 同意 他 的 看法,2,76.61
135,我 给 你们 讲 关于 小 行星 B612 的 这些 细节 并且 告诉 你们 它 的 编号 这 是 由于 这些 大人 的 缘故,2,85.16
136,当 你 对 大人们 讲 起 你 的 一 个 新 朋友 时 他们 从来 不 向 你 提出 实质性 的 问题,2,90.83
137,他们 从来 不 讲 他 说话 声音 如何 啊,2,94.16
138,他 喜爱 什么样 的 游戏 啊,2,96.16
139,他 是否 收集 蝴蝶 标本 呀,2,98.28
140,他们 却 问 你 他 多 大 年纪 呀,2,101.5
141,弟兄 几 个 呀,2,102.68
142,体重 多少 呀,2,103.95
143,他 父亲 挣 多少 钱 呀,2,105.8
144,他们 以为 这样 才 算 了解 朋友,2,109.18
145,如果 你 对 大人们 说 我 看到 一 幢 用 玫瑰色 的 砖 盖 成 的 漂亮 的 房子 它 的 窗户 上 有 天竺葵 屋顶 上 还 有 鸽子 他们 怎么 也 想象 不 出 这种 房子 有 多么 好,2,122.18
146,必须 对 他们 说 我 看见 了 一 幢 价值 十万 法郎 的 房子,2,126.59
147,那么 他们 就 惊叫 道 多么 漂亮 的 房子 啊,2,130.04
148,要是 你 对 他们 说 小王子 存在 的 证据 就 是 他 非常 漂亮 他 笑 着 想 要 一 只 羊,2,137.69
149,他 想 要 一 只 小 羊 这 就 证明 他 的 存在 但是 告诉 他们 有 什么 好处 呢 他们 一定 会 耸耸 肩膀 把 你 当作 孩子 看待,2,147.61
150,但是 如果 你 对 他们 说 小王子 来自 的 星球 就 是 小 行星 B612 那么 他们 就 十分 信服 他们 就 不 会 提出 一 大 堆 问题 来 和 你 纠缠,2,159.16
151,他们 就 是 这样 的,2,160.95
152,不 要 埋怨 他们,2,165.32
153,小孩子们 对 大人们 应该 宽厚 些,2,163.91
154,当然 对 我们 懂得 生活 的 人 来说 我们 才 不 在乎 那些 编号 呢,2,171.31
155,我 真 愿意 像 讲 神话 那样 来 开始 这个 故事,2,174.93
156,我 真 想 这样 说 从前 呀 有 一 个 小王子 他 住 在 一 个 和 他 身体 差不多 大 的 星球 上 他 希望 有 一 个 朋友 对 懂得 生活 的 人 来说 这样 说 就 显得 真实,2,189.57
157,我 可 不 喜欢 人们 轻率 地 读 我 的 书 我 在 讲述 这些 往事 时 心情 是 很 难过 的,2,196.62
158,我 的 朋友 带 着 他 的 小羊 已经 离去 六 年 了,2,200.45
159,我 之所以 在 这里 尽力 把 他 描写 出来 就 是 为了 不要 忘记 他,2,206.26
160,忘记 一 个 朋友 这 太 叫人 悲伤 了,2,210.28
161,并 不 是 所有 的 人 都 有 过 一 个 朋友,2,213.68
162,再 说 我 也 可能 变成 那些 大人 那样 只 对 数字 感 兴趣,2,219.62
163,也 正 是 为了 这个 缘故 我 买 了 一 盒 颜料 和 一些 铅笔,2,224.55
164,象 我 这样 年纪 的 人 而且 除了 六 岁 时 画 过 闭 着 肚皮 的 和 开 着 肚皮 的 巨蟒 外 别的 什么 也 没有 尝试 过 现在 重新 再 来 画画 真 费劲 啊,2,236.54
165,当然 我 一定 要 把 这些 画 尽量 地 画 得 逼真,2,241.07
166,但 我 自己 也 没有 把握,2,243.58
167,一 张 画 得 还 可以 另 一 张 就 不 像 了,2,247.62
168,还有 身材 大小 我 画得 有点 不 准确 在 这个 地方 小王子 画 得 太 大 了 些 另 一 个 地方 又 画 得 太 小 了 些,2,257.51
169,对 他 衣服 的 颜色 我 也 拿 不 准,2,260.5
170,于是 我 就 摸索 着 这么 试试 那么 改改 画 个 大概 齐,2,266.19
171,我 很 可能 在 某些 重要 的 细节 上 画 错 了,2,269.86
172,这 就 得 请 大家 原谅 我 了,2,272.54
173,因为 我 的 这个 朋友 从来 也 不 加 说明 解释,2,276.56
174,他 认为 我 同 他 一样,2,278.5
175,可是 很 遗憾 我 却 不 能 透过 盒子 看见 小羊,2,283.38
176,我 大概 有点 和 大人们 差不多,2,286.16
177,我 一定 是 变 老 了,2,289.05
178,每天 我 都 了解 到 一些 关于 小王子 的 星球 他 的 出走 和 旅行 等 事情,2,295.8
179,这些 都 是 偶然 从 各种 反应 中 慢慢 得到 的,2,299.55
180,就 这样 第三 天 我 就 了解 到 关于 猴面包树 的 悲剧,2,305.48
181,这 一 次 又 是 因为 羊 的 事情 突然 小王子 好象 是 非常 担心 地 问 我 道 羊 吃 小 灌木 这 是 真的 吗,2,315.5
182,是 的,2,316.82
183,是 真 的,2,318.01
184,啊,2,319.15
185,我 真 高兴,2,321.17
186,我 不 明白 羊 吃 小 灌木 这 件 事 为什么 如此 重要,2,325.65
187,可 小王子 又 说 道 因此 它们 也 吃 猴面包树 啰,2,331.37
188,我 对 小王子 说 猴面包树 可 不是 小 灌木 而 是 像 教堂 那么 大 的 大树 即便 是 带回 一群 大象 也 啃 不 了 一 棵 猴面包树,2,342.44
189,一 群 大象 这种 想法 使 小王子 发笑 那 可得 把 这些 大象 一 只 叠 一 只 地 垒 起来 他 很 有 见识 地 说 猴面包树 在 长大 之前 开始 也 是 小小 的,2,356.07
190,那 是 不错 我 说,2,357.63
191,可是 为什么 你 想 叫 你 的 羊 去 吃 小 猴面包树 呢,2,362.47
192,他 回答 我 道 唉 这 还 用 说 似乎 这 是 不言而喻 的,2,368.94
193,可是 我 自己 要 费 很 大 的 心劲 才 能 弄 懂 这 个 问题,2,373.42
194,原来 在 小王子 的 星球 上 就 象 其他 所有 星球 上 一样 有 好草 和 坏草,2,380.23
195,因此 也 就 有 益草 的 草籽 和 毒草 的 草籽,2,384.31
196,可是 草籽 是 看 不 见 的,2,386.72
197,它们 沉睡 在 泥土 里 直 到 其中 的 一 粒 忽然 想要 苏醒 过来,2,391.63
198,于是 它 就 伸展 开 身子 开始 腼腆 地 朝着 太阳 长出 一 棵 秀丽 可爱 的 小 嫩苗 如果 是 小 萝卜 或是 玫瑰 的 嫩苗 就 让 它 去 自由 地 生长,2,403.22
199,如果 是 一 棵 坏苗 一旦 被 辨认 出来 就 应该 马上 把 它 拔掉,2,408.19
200,因为 在 小王子 的 星球 上 有些 非常 可怕 的 种子 这 就 是 猴面包树 的 种子,2,415.06
201,在 那里 的 泥土 里 这 种 种子 多 得 成灾,2,418.75
202,而 一 棵 猴面包树 苗 假如 你 拔 得 太 迟 就 再也 无法 把 它 清除 掉,2,424.21
203,它 就 会 盘踞 整个 星球,2,426.5
204,它 的 树根 能 把 星球 钻透,2,428.88
205,如果 星球 很 小 而 猴面包树 很 多 它 就 把 整 个 星球 搞 得 支离破碎,2,434.62
206,这 是 个 纪律 问题 小王子 后来 向 我 解释 道,2,440.07
207,当 你 早上 梳洗 完毕 以后 必须 仔细 地 给 星球 梳洗,2,444.75
208,必须 规定 自己 按时 去 拔掉 猴面包树 苗 这 种 树苗 小 的 时候 与 玫瑰苗 差不多 一旦 可以 把 它们 区别 开 的 时候 就 要 把 它 拔掉,2,455.36
209,这 是 一 件 非常 乏味 的 工作 但 很 容易 小王子 说,2,461.03
210,有一天 他 劝 我 用心 地 画 一 幅 漂亮 的 图画 好 叫 我 家乡 的 孩子们 对 这 件 事 有 一 个 深刻 的 印象,2,468.99
211,他 还 对 我 说 如果 将来 有 一 天 他们 出外 旅行 这 对 他们 是 很 有用 的,2,476.1
212,有时候 人们 把 自己 的 工作 推到 以后 去 做 并 没有 什么 妨害,2,481.79
213,但 要 遇到 拔 猴面包树 苗 这 种 事 那 就 非 造成 大 灾难 不可,2,487.21
214,我 遇到 过 一 个 星球 上面 住 着 一 个 懒 家伙,2,491.06
215,他 放过 了 三 棵 小 树苗 于是 根据 小王子 的 说明 我 把 这个 星球 画 了 下来,2,498.34
216,我 从来 不 大 愿意 以 道学家 的 口吻 来 说话,2,501.97
217,可是 猴面包树 的 危险 大家 都 不 大 了解 对 迷失 在 小 行星 上 的 人 来说 危险性 非常 之 大 因此 这 一 回 我 贸然 打破 了 我 的 这 种 不 喜欢 教训 人 的 惯例,2,514.23
218,孩子们 我 说,2,516.85
219,要 当心 那些 猴面包树 呀,2,519.15
220,为了 叫 我 的 朋友们 警惕 这 种 危险 他们 同 我 一样 长期以来 和 这 种 危险 接触 却 没有 意识 到 它 的 危险性 我 花 了 很 大 的 功夫 画 了 这 幅 画,2,531.39
221,我 提出 的 这个 教训 意义 是 很 重大 的 花 点 功夫 是 很 值得 的,2,536.99
222,你们 也许 要 问 为什么 这 本 书 中 别的 画 都 没有 这 幅 画 那么 壮观 呢,2,542.64
223,回答 很 简单 我 也 试 了 别的 画 我 也 曾经 试图 画得 好 些 却 没 成功,2,550.04
224,而 当 我 画 猴面包树 时 有 一 种 急切 的 心情 在 激励 着 我,2,554.77
225,啊,2,557.06
226,小王子 就 这样 我 逐渐 懂得 了 你 那 忧郁 的 生活,2,561.96
227,过去 相当 长 的 时间 里 你 唯一 的 乐趣 就 是 观赏 那 夕阳西下 的 温柔 晚景,2,568.24
228,这个 新 的 细节 是 我 在 第四 天 早晨 知道 的 你 当时 对 我 说道 我 喜欢 看 日落,2,576
229,我们 去 看 一 回 日落 吧 可是 得 等 着 我 说 等 什么,2,583.97
230,等 太阳 落山 我们 必须 等 到 那个 时候,2,587.77
231,开始 你 显得 很 惊奇 的 样子 随后 你 笑 自己 的 糊涂,2,593
232,你 对 我 说 我 总 以为 是 在 我 的 家乡 呢,2,597.47
233,确实,2,599.1
234,大家 都 知道 在 美国 是 正午 时分 在 法国 正 夕阳西下,2,604.61
235,只要 在 一 分钟 内 赶到 法国 就 可 看到 日落,2,608.03
236,可惜 法国 是 那么 的 遥远,2,610.98
237,而 在 你 那样 的 小 行星 上 你 只要 把 你 的 椅子 挪动 几 步 就 行 了,2,616.11
238,这样 你 便 可 随时 看到 你 想 看 的 夕阳 余辉 一 天 我 看见 过 四十三 次 日落 你 对 我 说,2,625.92
239,过 一会 你 又 说 你 知道 当 人们 感到 非常 苦闷 时 总是 喜欢 日落 的 你 怎么 会 这么 苦闷 我 问 一 天 四十三 次,2,639.51
240,但是 小王子 没有 回答,2,642.66
241,第五 天 还是 羊 的 事 把 小王子 的 生活 秘密 向 我 揭开 了,3,5.02
242,好象 默默 地 思索 了 很 长 时间 以后 得出 了 什么 结果 一样 他 突然 没头没脑 地 问 我 羊 要是 吃 小 灌木 它 也 要 吃 花 罗 羊 它 碰到 什么 吃 什么 我 回答,3,19.21
243,连 有 刺 的 花 也 吃 吗,3,21.27
244,有 刺 的 也 吃,3,22.84
245,那么 刺 有 什么 用 呢,3,25.26
246,我 不 知道 该 怎么 回答,3,27.87
247,那会 我 正 忙 着 要 从 发动机 上 卸下 一 颗 拧 得 太 紧 的 螺丝,3,32.37
248,我 发现 机器 故障 似乎 很 严重 饮水 也 快 完 了 担心 可能 发生 最 坏 的 情况 心里 很 着急,3,39.52
249,那么 刺 有 什么 用 呢,3,41.75
250,小王子 一旦 提出 了 问题 从来 不 会 放过,3,45.15
251,这个 该死 的 螺丝 使 我 很 恼火 我 于是 就 随便 回答 了 他 一 句 刺 么 什么 用 都 没有 这 纯粹 是 花 的 恶劣 表现,3,53.72
252,噢,3,54.85
253,可是 他 沉默 了 一会 之后 怀 着 不满 的 心情 冲 我 说 我 不 信,3,60.32
254,花 是 弱小 的,3,61.75
255,它们 是 淳朴 的,3,62.99
256,它们 总是 设法 保护 自己,3,64.99
257,以为 有 了 刺 就 可以 显出 自己 的 厉害 我 默不作声,3,69.98
258,我 当时 想 的 如果 这个 螺丝 再 和 我 作对 我 就 一 锤子 敲掉 它,3,74.37
259,小王子 又 来 打搅 我 的 思绪 了 你 却 认为 花,3,78.3
260,算了 吧,3,79.01
261,我 哭 说,3,80.22
262,我 是 随便 回答 你 的,3,85.2
263,我 可 有 正经 事 要 做,3,86.58
264,他 惊讶 地 看 着 我,3,88.29
265,正经 事,3,89.91
266,他 瞅 着 我 手 拿 锤子 手指 沾满 了 油污 伏 在 一 个 在 他 看来 丑不可言 的 机件 上,3,96.22
267,你 说话 就 和 那些 大人 一样,3,99.51
268,这 话 使 我 有点 难堪,3,102.41
269,可是 他 又 尖刻无情 地 说道 你 什么 都 分 不 清 你 把 什么 都 混 在 一起,3,107.83
270,他 着实 非常 恼火,3,109.96
271,摇动 着 脑袋 金黄色 的 头发 随 风 颤动 着 我 到 过 一 个 星球 上面 住 着 一 个 红 脸 先生,3,117.27
272,他 从来 没 闻 过 一 朵 花,3,119.11
273,他 从来 没有 看 过 一 颗 星星,3,121.42
274,他 什么 人 也 没有 喜欢 过,3,123.43
275,除了 算账 以外 他 什么 也 没有 做 过,3,126.27
276,他 整天 同 你 一样 老是 说 我 有 正经事 我 是 个 严肃 的 人,3,131.47
277,这 使 他 傲气 十足,3,133.84
278,他 简直 不 像 是 个 人 他 是 个 蘑菇,3,136.35
279,是 个 什么,3,137.59
280,是 个 蘑菇,3,139.07
281,小王子 当时 气 得 脸色 发 白,3,144.31
282,几百万 年 以来 花 都 在 制造 着 刺,3,146.43
283,几百万 年 以来 羊 仍然 在 吃 花,3,149.26
284,要 搞 清楚 为什么 花 费 那么 大 劲 给 自己 制造 没有 什么 用 的 刺 这 难道 不 是 正经 事,3,155.22
285,难道 羊 和 花 之间 的 战争 不 重要,3,157.78
286,这 难道 不 比 那个 大 胖子 红 脸 先生 的 帐目 更 重要,3,161.62
287,如果 我 认识 一 朵 人世 间 唯一 的 花 只有 我 的 星球 上 有 它 别的 地方 都 不 存在 而 一 只 小羊 胡里胡涂 就 这样 把 它 一下子 毁掉 了 这 难道 不 重要,3,172.46
288,他 的 脸 气 得 发红 然后 又 接着 说道 如果 有 人 爱上 了 在 这 亿万 颗 星星 中 独一无二 的 一 株 花 当 他 看 着 这些 星星 的 时候 这 就 足以 使 他 感到 幸福,3,186.27
289,他 可以 自言自语 地 说 我 的 那 朵 花 就 在 其中 的 一 颗 星星 上 但是 如果 羊 吃掉 了 这 朵 花 对 他 来说 好象 所有 的 星星 一下子 全 都 熄灭 了 一样,3,197.81
290,这 难道 也 不 重要 吗,3,200.03
291,他 无法 再 说 下去 了,3,202.63
292,突然 泣不成声,3,204.57
293,夜幕 已经 降临,3,206.74
294,我 放下 手 中 的 工具,3,208.39
295,我 把 锤子 螺钉 饥渴 死亡 全都 抛在 脑后,3,213.52
296,在 一 颗 星球 上 在 一 颗 行星 上 在 我 的 行星 上 在 地球 上 有 一 个 小王子 需要 安慰,3,221.35
297,我 把 他 抱在 怀里,3,223.25
298,摇 着 他,3,224.19
299,对 他 说 你 爱 的 那 朵 花 没有 危险 我 给 你 的 小羊 画 一 个 罩子 我 给 你 的 花 画 一 幅 盔甲,3,233.43
300,我 也 不 太 知道 该 说 些 什么,3,235.83
301,我 觉得 自己 太 笨拙 我 不 知道 怎样 才 能 达到 他 的 境界 怎样 才 能 再 进入 他 的 境界 唉 泪水 的 世界 是 多么 神秘 啊,3,246.91
302,很 快 我 就 进一步 了解 了 这 朵 花,3,250.17
303,在 小王子 的 星球 上 过去 一直 都 生长 着 一些 只有 一 层 花瓣 的 很 简单 的 花 这些 花 非常 小 一点 也 不 占 地方 从来 也 不 会 去 打搅 任何 人,3,261.1
304,它们 早晨 在 草丛 中 开放 晚上 就 凋谢 了,3,265.27
305,不 知 从 哪里 来 了 一 颗 种子 忽然 一天 这 种子 发 了 芽 小王子 特别 仔细 地 监视 着 这 棵 与众不同 的 小苗,3,273.6
306,这 玩意 说不定 是 一 种 新 的 猴面包树,3,276.63
307,但是 这 小苗 不久 就 不 再 长 了 而且 开始 孕育 着 一 个 花朵,3,282.03
308,看到 在 这 棵 苗 上 长出 了 一 个 很 大 很 大 的 花蕾 小王子 感觉 到 从 这个 花苞 中 一定 会 出现 一 个 奇迹 然而 这 朵 花 藏 在 它 那 绿茵茵 的 房间 中 用 了 很 长 的 时间 来 打扮 自己,3,295.28
309,她 精心 选择 着 她 将来 的 颜色,3,298.11
310,慢慢腾腾 地 装饰 着 一 片 片 地 搭配 着 她 的 花瓣,3,302.17
311,她 不 愿 像 虞美人 那样 一 出世 就 满 脸 皱纹,3,305.43
312,她 要 让 自己 带 着 光艳夺目 的 丽姿 来到 世间,3,309.23
313,是 的,3,310.31
314,她 是 非常 爱 俏 的,3,311.95
315,她 用 好些 好些 日子 天仙 般 地 梳妆打扮,3,315.46
316,然后 在 一 天 的 早晨 恰好 在 太阳 升起 的 时候 她 开放 了,3,320.68
317,她 已经 精细 地 做 了 那么 长 的 准备 工作 却 打 着 哈欠 说道,3,325.55
318,我 刚刚 睡醒 真 对不起 瞧 我 的 头发 还是 乱蓬蓬 的 小王子 这时 再也 控制 不 住 自己 的 爱慕 心情 你 是 多么 美丽 啊,3,336.87
319,花 悠然自得 地 说 是 吧,3,340.08
320,我 是 与 太阳 同时 出生 的 小王子 看出 了 这 花 不 太 谦虚 可是 她 确实 丽姿 动人,3,347.73
321,她 随后 又 说道 现在 该 是 吃 早点 的 时候 了 吧 请 你 也 想 着 给 我 准备 一点 小王子 很 有些 不好意思 于是 就 拿 着 喷壶 打来 了 一 壶 清清 的 凉水 他 浇灌 着 花,3,362.95
322,于是 就 这样 这 朵 花 就 以 她 那 有点 敏感 多疑 的 虚荣心 折磨 着 小王子,3,368.99
323,例如 有 一 天 她 向 小王子 讲起 她 身 上 长 的 四 根 刺 老虎 让 它 张 着 爪子 来 吧,3,376.72
324,小王子 顶 了 她 一 句 在 我 这个 星球 上 没有 老虎 而且 老虎 是 不 会 吃 草 的,3,384.31
325,花 轻声 说道 我 并 不 是 草,3,387.57
326,真 对不起 我 并 不 怕 什么 老虎 可 我 讨厌 穿堂风,3,392.75
327,我 猜想 你 没有 为 我 准备 个 屏风,3,395.54
328,小王子 思忖 着 讨厌 穿堂风 这 对 一 株 植物 来说 真 不 走运,3,402.47
329,这 朵 花 真 不 大 好 伺候 晚上 您 得 把 我 放到 一 个 玻璃 罩子 中,3,408.78
330,你 这 地方 太 冷,3,410.25
331,我 原来 住 的 那个 地方 但 她 没有 说 下去,3,414.43
332,她 来 的 时候 是 粒 种子,3,416.44
333,她 哪里 见 过 什么 别的 世界,3,418.42
334,她 叫 人 发现 她 是 在 凑 一 个 如此 不 太 高明 的 谎话 她 有点 羞怒 咳嗽 了 两三 声 她 的 这 一 招 是 要 小王子 处于 有 过失 的 地位 她 说道 屏风 呢,3,430.58
335,我 正 准备 去 拿 可 你 刚才 说 的 是,3,434.13
336,于是 花 放开 嗓门 咳嗽 了 几 声 依然 要 使 小王子 后悔 自己 的 过失,3,440.09
337,尽管 小王子 本来 诚心诚意 地 喜欢 这 朵 花 可是 这一来 却 使 他 马上 对 她 产生 了 怀疑,3,447.18
338,小王子 对 一些 无关紧要 的 话 看 得 太 认真 结果 使 自己 很 苦恼,3,452.35
339,有 一 天 他 告诉 我 说 我 不 该 听信 她 的 话 绝 不 该 听信 那些 花 的 话,3,458.89
340,看看 花 闻闻 她 就 得 了,3,461.32
341,我 的 那 朵 花 使 我 的 星球 芳香四溢 可 我 不 会 享受 它,3,466.32
342,关于 老虎 爪子 的 事 本 应该 使 我 产生 同情 却 反而 使 我 恼火 他 还 告诉 我 说 我 那时 什么 也 不 懂,3,475.56
343,我 应该 根据 她 的 行为 而 不 是 根据 她 的 话 来 判断 她,3,479.22
344,她 使 我 的 生活 芬芳 多彩,3,481.82
345,我 真 不 该 离开 她 跑 出来,3,483.75
346,我 本 应该 猜出 在 她 那 令 人 爱怜 的 花招 后面 所 隐藏 的 温情,3,488.55
347,花 是 多么 自相矛盾,3,490.9
348,我 当时 太 年轻 还 不 懂得 爱 她,3,494.26
349,我 想 小王子 大概 是 利用 一 群 候鸟 迁徙 的 机会 跑 出来 的,3,498.91
350,在 他 出发 的 那 天 早上 他 把 他 的 星球 收拾 得 整整齐齐,3,503.54
351,把 它 上头 的 活 火山 打扫 得 干干净净,3,506.56
352,他 有 两 个 活 火山 早上 热 早点 很 方便,3,510.4
353,他 还 有 一 座 死 火山,3,512.38
354,他 想 说不定 它 还 会 活动 呢,3,517.05
355,他 也 把 它 打扫 干净,3,514.03
356,打扫 干净 了 它们 就 可以 慢慢 地 有 规律 地 燃烧 而 不 会 突然 爆发,3,522.94
357,火山 爆发 就 像 烟囱 里 的 火焰 一样,3,525.79
358,当然 在 我们 地球 上 我们 人 太 小 不 能 打扫 火山,3,530.63
359,所以 火山 给 我们 带来 很多 很多 麻烦,3,533.48
360,小王子 还 把 剩下 的 最后 几 颗 猴面包树 苗 全 拔 了 他 有点 忧伤,3,539.37
361,他 以为 他 再 也 不 会 回来 了,3,542
362,这 天 这些 家常 活 使 他 感到 特别 亲切,3,546.05
363,当 他 最后 一 次 浇花 时 准备 把 她 放 在 玻璃 罩子 下面 他 发觉 自己 要 哭 出来,3,552.28
364,再见 了 他 对 花 说道,3,555.28
365,可是 花 没有 回答 他,3,557.34
366,再见 了 他 又 说 了 一 遍,3,560.55
367,花 咳嗽 了 一 阵,3,562.3
368,但 并 不 是 由于 感冒,3,563.91
369,她 终于 对 他 说道 我 方才 真 蠢,3,567.49
370,请 你 原谅 我 希望 你 能 幸福,3,571.02
371,花 对 他 毫 不 抱怨 他 感到 很 惊讶,3,574.35
372,他 举 着 罩子 不知所措 地 伫立 在 那里,3,577.51
373,他 不 明白 她 为什么 会 这样 温柔 恬静,3,580.92
374,的确 我 爱 你 花 对 他 说道,3,585.71
375,但 由于 我 的 过错 你 一点 也 没有 理会,3,589.45
376,这 丝毫 不 重要,3,591.16
377,不过 你 也 和 我 一样 的 蠢,3,594.09
378,希望 你 今后 能 幸福 把 罩子 放 在 一边 吧,3,598.02
379,我 用 不 着 它 了,3,599.56
380,要是 风 来 了 怎么 办 我 的 感冒 并 不 那么 重 夜晚 的 凉风 对 我 倒 有 好处,3,607.29
381,我 是 一 朵 花,3,608.72
382,要是 有 虫子 野兽 呢 我 要是 想 认识 蝴蝶 经 不 起 两三 只 毛虫 是 不行 的,3,616.23
383,据说 这 是 很 美 的,3,618.27
384,不然 还 有 谁 来 看 我 呢,3,620.21
385,你 就 要 到 远处 去 了,3,622.31
386,至于 说 大 动物 我 并 不 怕,3,624.97
387,我 有 爪子,3,626.27
388,于是 她 天真 地 显露 出 她 那 四 根 刺,3,630.06
389,随后 又 说道 别 这么 磨蹭 了,3,632.81
390,真 烦人 你 既然 决定 离开 这,3,635.57
391,那么 快 走 吧,3,637.7
392,她 是 怕 小王子 看见 她 在 哭,3,641.03
393,她 是 朵 非常 骄傲 的,3,643.42
394,花 在 附近 的 宇宙 中 还 有 325 326 327 328 329 330 等 几 颗 小 行星,4,7.4
395,他 就 开始 访问 这 几 颗 星球 想 在 那里 找 点 事 干 并且 学习 学习,4,12.69
396,第一 颗 星球 上 住 着 一 个 国王,4,15.55
397,国王 穿 着 用 紫红色 和 白 底 黑 花 的 毛皮 做成 的 大 礼服 坐 在 一 个 很 简单 却 又 十分 威严 的 宝座 上,4,23.24
398,啊,4,24.16
399,来 了 一 个 臣民 当 他 看见 小王子 时 喊 了 起来,4,28.39
400,小王子 思量 着 他 从来 也 没有 见 过 我 怎么 会 认识 我 呢,4,33.69
401,他 哪里 知道 在 那些 国王 的 眼 里 世界 是 非常 简单 的,4,38.47
402,所有 的 人 都 是 臣民,4,40.32
403,国王 十分 骄傲 因为 他 终于 成 了 某个 人 的 国王 他 对 小王子 说道 靠近 些 好 让 我 好好 看看 你,4,48.91
404,小王子 看看 四周 想 找 个 地方 坐 下来 可是 整个 星球 被 国王 华丽 的 白 底 黑 花 皮袍 占满 了,4,56.35
405,他 只好 站 在 那里 但是 因为 疲倦 了 他 打 起 哈欠 来,4,60.79
406,君王 对 他 说 在 一 个 国王 面前 打哈欠 是 违反 礼节 的,4,65.76
407,我 禁止 你 打哈欠,4,67.23
408,小王子 羞愧 地 说道 我 实在 忍 不 住,4,71.04
409,我 长途跋涉 来到 这里 还 没有 睡觉 呢 国王 说 那 好 吧 我 命令 你 打哈欠,4,78.19
410,好些 年 来 我 没有 看见 过 任何 人 打哈欠,4,81.25
411,对 我 来说 打哈欠 倒 是 新奇 的 事,4,84.82
412,来 吧,4,85.79
413,再 打 个 哈欠,4,86.91
414,这 是 命令,4,88.08
415,这 倒 叫 我 有点 紧张 我 打 不 出 哈欠 来 了 小王子 红 着 脸 说,4,95.12
416,嗯,4,96.19
417,嗯,4,96.93
418,国王 回答 道,4,98.55
419,那么 我 命令 你 忽而 打哈欠 忽而 他 嘟嘟囔囔 显出 有点 恼怒,4,106.08
420,因为 国王 所 要求 的 主要 是 保持 他 的 威严 受到 尊敬,4,110.1
421,他 不 能 容忍 不 听 他 的 命令,4,112.75
422,他 是 一 位 绝对 的 君主,4,114.63
423,可是 他 却 很 善良 他 下 的 命令 都 是 有 理智 的,4,119.29
424,他 常常 说 如果 我 叫 一 位 将军 变成 一 只 海鸟 而 这 位 将军 不 服从 我 的 命令 那么 这 就 不 是 将军 的 过错,4,129.19
425,而 是 我 的 过错,4,130.52
426,我 可以 坐下 吗,4,135.39
427,小王子 腼腆 地 试探 道,4,133.32
428,我 命令 你 坐下 国王 一边 回答 一边 庄重 地 把 他 那 白 底 黑 花 皮袍 大襟 挪动 了 一下,4,142.53
429,可是 小王子 感到 很 奇怪,4,144.88
430,这么 小 的 行星,4,146.48
431,国王 他 对 什么 进行 统治 呢,4,148.51
432,他 对 国王 说 陛下 请 原谅 我 想 问 您 国王 急忙 抢 着 说道 我 命令 你 问 我,4,156.7
433,陛下 你 统治 什么 呢,4,159.93
434,国王 非常 简单 明了 地 说 我 统治 一切,4,163.84
435,一切,4,165.3
436,国王 轻轻 地 用 手 指 着 他 的 行星 和 其他 的 行星 以及 所有 的 星星,4,170.69
437,统治 这 一切,4,174
438,小王子 说,4,171.97
439,统治 这 一切,4,176.16
440,原来 他 不仅 是 一 个 绝对 的 君主 而且 是 整个 宇宙 的 君主,4,180.61
441,那么 星星 都 服从 您 吗,4,183.67
442,那 当然 国王 对 他 说,4,186.41
443,它们 立即 就 得 服从,4,188.35
444,我 是 不 允许 无 纪律 的,4,190.09
445,这样 的 权力 使 小王子 惊叹 不已,4,193.56
446,如果 掌握 了 这样 的 权力 那么 他 一 天 就 不 只 是 看到 四十三 次 日落 而 可以 看到 七十二 次 甚至 一百 次 或是 二百 次 日落 也 不 必要 去 挪动 椅子 了,4,205.91
447,由于 他 想起 了 他 那 被 遗弃 的 小 星球 心里 有点 难过 他 大胆 地 向 国王 提出 了 一 个 请求 我 想 看 日落 请求 您 命令 太阳 落山 吧 国王 说道 如果 我 命令 一 个 将军 象 一 只 蝴蝶 那样 从 这 朵 花 飞到 那 朵 花 或者 命令 他 写作 一 个 悲剧 剧本 或者 变 一 只 海鸟 而 如果 这 位 将军 接到 命令 不 执行 的话 那么 我们 中 的 谁 是 错误 的 呢 将军 还是 我 自己,4,238.96
448,那 当然 是 您 的 不对 小王子 肯定 地 回答,4,243.6
449,一点 也 不错,4,244.97
450,国王 接着 说 向 每 个 人 提出 的 要求 应该 是 他们 所 能 做到 的,4,250.12
451,权威 首先 应该 建立 在 理性 的 基础 上,4,253.33
452,如果 命令 你 的 老百姓 去 投海 他们 非 起来 革命 不 可,4,257.77
453,我 的 命令 是 合理 的 所以 我 有权 要 别人 服从,4,262.2
454,那么 我 提出 的 日落 呢,4,265.11
455,小王子 一旦 提出 一 个 问题 他 是 不 会 忘记 这 个 问题 的,4,269.23
456,日落 么 你 会 看到 的,4,272.11
457,我 一定 要 太阳 落山,4,273.99
458,不过 按照 我 的 统治 科学 我 得 等到 条件 成熟 的 时候,4,278.2
459,这 要 等到 什么 时候 呢,4,282.29
460,小王子 问道,4,279.73
461,嗯,4,283.62
462,国王 在 回答 之前 首先 翻阅 了 一 本 厚厚 的 日历 嘴里 慢慢 说道 嗯,4,290.12
463,嗯,4,290.91
464,日落 大约 大约 在 今晚 七时 四十分 的 时候,4,296.08
465,你 将 看到 我 的 命令 一定 会 被 服从 的,4,298.79
466,小王子 又 打 起 哈欠 来 了,4,301.87
467,他 遗憾 没有 看到 日落,4,303.72
468,他 有点 厌烦 了 他 对 国王 说 我 没有 必要 再 呆 在 这 了,4,308.59
469,我 要 走 了,4,309.67
470,这 位 因为 刚刚 有 了 一 个 臣民 而 十分 骄傲 自得 的 国王 说道 别 走,4,315.22
471,我 任命 你 当 大臣,4,317.36
472,什么 大臣,4,318.85
473,嗯 司法 大臣,4,320.91
474,可是 这 没有 一 个 要 审判 的 人,4,324.04
475,很 难 说 呀 国王 说道,4,326.71
476,因为 我 还 没有 巡视 过 我 的 王国 呢,4,329.86
477,我 很 老 了 我 这 地方 又 小 没有 放 銮驾 的 地方 另外 一 走路 我 就 累,4,336.2
478,噢 可是 我 已经 看 过 了 小王子 说道 并 探身 朝 星球 的 那 一 侧 看 了 看,4,343.46
479,那边 也 没有 一 个 人 那么 你 就 审判 你 自己 呀 国王 回答 他 说,4,349.58
480,这 可是 最 难 的 了,4,351.2
481,审判 自己 比 审判 别人 要 难 得 多 啊,4,354.06
482,你 要是 能 审判 好 自己 你 就 是 一 个 真正 有 才智 的 人,4,358.49
483,我 嘛 随便 在 什么 地方 我 都 可以 审度 自己,4,363.02
484,我 没有 必要 留 在 这里,4,365.24
485,嗯,4,366.45
486,国王 又 说 嗯 我 想 在 我 的 星球 上 有 一 只 老 耗子,4,372.19
487,夜里 我 听见 它 的 声音,4,374.42
488,你 可以 审判 它,4,375.47
489,不时 地 判处 它 死刑,4,377.45
490,因此 它 的 生命 取决 于 你 的 判决,4,380.54
491,可是 你 要 有 节制 地 使用 这 只 耗子 每次 判刑 后 都 要 赦免 它,4,385.75
492,因为 只有 这 一 只 耗子,4,388.18
493,可是 我 不 愿 判 死刑 小王子 回答 道 我 想 我 还是 应该 走,4,395.35
494,不 行 国王 说,4,397.4
495,但是 小王子 准备 完毕 之后 不 想 使 老 君主 难过 说道 如果 国王 陛下 想要 不折不扣 地 得到 服从 你 可以 给 我 下 一 个 合理 的 命令,4,408.39
496,比如 说 你 可以 命令 我 一 分钟 之内 必须 离开,4,412.75
497,我 认为 这个 条件 是 成熟 的 国王 什么 也 没有 回答 起初 小王子 有些 犹疑不决 随后 叹 了 口气 就 离开 了,4,422.75
498,我 派 你 当 我 的 大使 国王 匆忙 地 喊道,4,427.04
499,国王 显出 非常 有 权威 的 样子,4,429.62
500,小王子 在 旅途 中 自言自语 地 说 这些 大人 真 奇怪,4,435.29
501,第二 个 行星 上 住 着 一 个 爱 虚荣 的 人,4,438.72
502,喔唷 喔唷,4,440.26
503,一 个 崇拜 我 的 人 来 拜访 了,4,442.83
504,这个 爱 虚荣 的 人 一 见到 小王子 老远 就 叫喊 起来,4,446.93
505,在 那些 爱 虚荣 的 人 眼 里 别人 都 成 了 他们 的 崇拜者,4,450.9
506,你 好 小王子 说道,4,453.53
507,你 的 帽子 很 奇怪,4,455.81
508,这 是 为了 向 人 致意 用 的 爱 虚荣 的 人 回答 道,4,460.5
509,当 人们 向 我 欢呼 的 时候 我 就 用 帽子 向 他们 致意,4,464.58
510,可惜 没有 一 个 人 经过 这里,4,467.04
511,啊 是 吗,4,471.86
512,小王子 不 解 其 意 说道,4,469.78
513,爱 虚荣 的 人 向 小王子 建议 道 你 用 一 只 手 去 拍 另 一 只 手,4,477.16
514,小王子 就 拍 起 巴掌 来,4,479.6
515,这 位 爱 虚荣 者 就 谦逊 地 举起 帽子 向 小王子 致意,4,483.83
516,小王子 心想 这 比 访问 那 位 国王 有趣,4,487.88
517,于是 他 又 拍 起 巴掌 来,4,490.24
518,爱 虚荣者 又 举起 帽子 来 向 他 致意,4,493.33
519,小王子 这样 做 了 五 分钟 之后 对 这 种 单调 的 把戏 有点 厌倦 了 说道 要 想 叫 你 的 帽子 掉 下来 该 怎么 做 呢,4,502.9
520,可 这 回 爱 虚荣 者 听 不 进 他 的 话,4,505.68
521,因为 凡是 爱 虚荣 的 人 只 听 得 进 赞美 的 话,4,509.02
522,你 真的 钦佩 我 吗,4,512.47
523,他 问 小王子 道,4,510.49
524,钦佩 是 什么 意思,4,514.94
525,钦佩 么 就是 承认 我 是 星球 上 最 美 的 人 服饰 最 好 的 人 最 富有 的 人 最 聪明 的 人,4,522.93
526,可 您 是 您 的 星球 上 唯一 的 人 呀,4,526.19
527,让 我 高兴 吧,4,527.89
528,请 你 还是 来 钦佩 我 吧,4,530.25
529,小王子 轻轻 地 耸了耸 肩膀 说道 我 钦佩 你 可是 这 有 什么 能 使 你 这样 感 兴趣 的,4,538.9
530,于是 小王子 就 走开 了,4,541.03
531,小王子 在 路上 自言自语 地 说 了 一 句 这些 大人 肯定 是 十分 古怪 的,4,547.48
532,小王子 所 访问 的 下 一 个 星球 上 住 着 一 个 酒鬼,4,551.85
533,访问 时间 非常 短 可是 它 却 使 小王子 非常 忧伤 你 在 干 什么,4,558.11
534,小王子 问 酒鬼 这个 酒鬼 默默 地 坐 在 那里 面前 有 一 堆 酒瓶子 有的 装 着 酒 有的 是 空 的,4,566.77
535,我 喝酒 他 阴沉 忧郁 地 回答 道,4,571.38
536,你 为什么 喝酒,4,573.43
537,小王子 问道,4,574.86
538,为了 忘却 酒鬼 回答,4,579.32
539,忘却 什么 呢,4,584.91
540,小王子 已经 有些 可怜 酒鬼 他 问道,4,583.15
541,酒鬼 垂下 脑袋 坦白 道 为了 忘却 我 的 羞愧,4,591.13
542,你 羞愧 什么 呢,4,593.19
543,小王子 很 想 救助 他,4,595.8
544,我 羞愧 我 喝酒,4,600.45
545,酒鬼 说完 以后 就 再也 不 开口 了,4,603.71
546,小王子 迷惑不解 地 离开 了,4,606.16
547,在 旅途 中 他 自言自语 地 说道 这些 大人 确实 真 叫 怪,4,612.18
548,第四 个 行星 是 一 个 实业家 的 星球,5,2.84
549,这个 人 忙 得 不可开交 小王子 到来 的 时候 他 甚至 连 头 都 没有 抬 一下,5,8.6
550,小王子 对 他 说 您 好,5,11.22
551,您 的 烟卷 灭 了,5,13.34
552,三 加 二 等于 五,5,15.46
553,五 加 七 等于 十二,5,16.85
554,十二 加 三 等于 十五,5,18.66
555,你 好,5,19.5
556,十五 加 七 二十二,5,21.3
557,二十二 加 六 二十八,5,23.33
558,没有 时间 再 去 点 着 它,5,25.68
559,二十六 加 五 三十一,5,27.93
560,哎哟,5,29.39
561,一共 是 五亿一百六十二万二千七百三十一,5,33.79
562,五亿 什么 呀,5,35.91
563,嗯,5,36.85
564,你 还 待 在 这 呐,5,38.62
565,五亿一百万 我 也 不 知道 是 什么 了 我 的 工作 很多,5,43.34
566,我 是 很 严肃 的 我 可是 从来 没有 功夫 去 闲聊,5,46.88
567,二 加 五 得 七,5,48.44
568,五亿一百万 什么 呀 小王子 重复 问道 一旦 他 提出 了 一 个 问题 是 从来 也 不会 放弃 的,5,56.33
569,这 位 实业家 抬 起 头 说 我 住 在 这个 星球 上 五十四 年 以来 只 被 打搅 过 三 次,5,63.34
570,第一 次 是 二十二 年 前 不 知 从 哪里 跑来 了 一 只 金龟子 来 打搅 我,5,68.47
571,它 发出 一 种 可怕 的 噪音 使 我 在 一 笔 帐目 中 出 了 四 个 差错,5,73.55
572,第二 次 在 十一 年 前 是 风湿病 发作 因为 我 缺乏 锻炼 所 致 我 没有 功夫 闲逛,5,80.95
573,我 可 是 个 严肃 的 人,5,82.57
574,现在 这 是 第三 次,5,85.19
575,我 计算 的 结果 是 五亿一百万 几百万 什么,5,90.06
576,这 位 实业家 知道 要 想 安宁 是 无望 的 了 就 说道 几百万 个 小 东西 这些 小 东西 有时 出现 在 天空 中,5,99.46
577,苍蝇 吗,5,101
578,不 是 是 些 闪闪发亮 的 小 东西,5,104.86
579,是 蜜蜂 吗,5,106.44
580,不 是,5,107.58
581,是 金黄色 的 小 东西 这些 小 东西 叫 那些 懒汉们 胡思乱想,5,112.8
582,我 是 个 严肃 的 人,5,114.26
583,我 没有 时间 胡思乱想,5,116.13
584,啊,5,117.49
585,是 星星 吗,5,119.05
586,对 了,5,119.82
587,就 是 星星,5,120.89
588,你 要 拿 这 五亿 星星 做 什么,5,123.87
589,五亿一百六十二万七百三十一 颗 星星,5,127.78
590,我 是 严肃 的 人 我 是 非常 精确 的,5,130.58
591,你 拿 这些 星星 做 什么,5,132.9
592,我 要 它 做 什么,5,134.58
593,是 呀,5,135.62
594,什么 也 不 做,5,137.01
595,它们 都 是 属于 我 的,5,138.74
596,星星 是 属于 你 的,5,141.61
597,是 的,5,142.77
598,可是 我 已经 见到 过 一 个 国王 他 国王 并不 占有 他们 只是 进行 统治,5,149.47
599,这 不 是 一码 事,5,150.65
600,你 拥有 这 许多 星星 有 什么 用,5,153.52
601,它 能 让 我 变得 富有,5,155.87
602,富 了 有 什么 好处 呢,5,158.72
603,富 了 就 可以 去 买 别的 星星 如果 有 人 发现 了 别的 星星 的话,5,164.56
604,小王子 自言自语 地 说 这个 人 想 问题 有点 象 那个 酒鬼 一样 可是 他 又 提 了 一些 问题 你 怎么 能 占有 星星 呢,5,177.17
605,那么 你 说 星星 是 谁 的 呀,5,180.04
606,实业家 不 高兴 地 顶 了 小王子 一 句,5,183.22
607,我 不 知道,5,184.9
608,不 属于 任何 人,5,186.44
609,那么 它们 就 是 我 的 因为 是 我 第一 个 想到 了 这 件 事情 的,5,191.74
610,这 就 行 了 吗,5,193.36
611,那 当然,5,194.6
612,如果 你 发现 了 一 颗 没有 主人 的 钻石 那么 这 颗 钻石 就 是 属于 你 的,5,199.57
613,当 你 发现 一 个 岛 是 没有 主 的 那么 这个 岛 就 是 你 的,5,204.26
614,当 你 首先 想出 了 一 个 办法 你 就 去 领 一 个 专利证 这个 办法 就 是 属于 你 的,5,210.54
615,既然 在 我 之前 不 曾 有 任何 人 想到 要 占有 这些 星星 那 我 就 占有 这些 星星,5,216.8
616,这 倒 也 是 小王子 说,5,220.27
617,可是 你 用 它们 来 干 什么,5,223.24
618,我 经营 管理 这些 星星,5,225.73
619,我 一 遍 又 一 遍 地 计算 它们 的 数目,5,228.57
620,这 是 一 件 困难 的 事,5,230.38
621,但 我 是 一 个 严肃 认真 的 人,5,232.72
622,小王子 仍然 还 不 满足,5,235.5
623,他 说 对 我 来说 如果 我 有 一 条 围巾 我 可以 用 它 来 围 着 我 的 脖子 并且 能 带走 它,5,243.95
624,我 有 一 朵 花 的话 我 就 可以 摘下 我 的 花 并且 把 它 带走,5,248.7
625,可 你 却 不 能 摘下 这些 星星 呀 我 不 能 摘,5,253.68
626,但 我 可以 把 它们 存 在 银行 里,5,256.34
627,这 是 什么 意思 呢,5,258.7
628,这 就 是 说 我 把 星星 的 数目 写 在 一 片 小 纸头 上,5,263.14
629,然后 把 这 片 纸头 锁 在 一 个 抽屉 里,5,265.72
630,这 就 算 完事 了 吗,5,267.76
631,这样 就 行 了,5,269.21
632,小王子 想道 真 好玩,5,272.19
633,这 倒 蛮 有 诗意,5,273.65
634,可是 并 不 算 是 了不起 的 正经事,5,277.95
635,关于 什么 是 正经事 小王子 的 看法 与 大人们 的 看法 非常 不同,5,283.61
636,他 接着 又 说 我 有 一 朵 花 我 每天 都 给 她 浇水,5,288.38
637,我 还 有 三 座 火山 我 每 星期 把 它们 全 都 打扫 一 遍 连 死 火山 也 打扫,5,294.36
638,谁 知道 它 会 不 会 再 复活,5,297.12
639,我 拥有 火山 和 花 这 对 我 的 火山 有 益处 对 我 的 花 也 有 益处,5,302.91
640,但是 你 对 星星 并 没有 用处 实业家 张口结舌 无言以对 于是 小王子 就 走 了,5,311.48
641,在 旅途 中 小王子 只 是 自言自语 地 说 了 一 句 这些 大人们 真是 奇怪 极 了,5,319.11
642,第五 颗 行星 非常 奇怪,5,322.37
643,是 这些 星星 中 最 小 的 一 颗,5,325.04
644,行星 上 刚好 能 容 得 下 一 盏 路灯 和 一 个 点 路灯 的 人,5,329.55
645,小王子 怎么 也 解释 不 通 这个 坐落 在 天空 某 一 角落 既 没有 房屋 又 没有 居民 的 行星 上 要 一 盏 路灯 和 一 个 点 灯 的 人 做 什么 用,5,341.02
646,但 他 自己 猜想 可能 这个 人 思想 不 正常,5,346.06
647,但 他 比起 国王 比 起 那个 爱 虚荣 的 人 那个 实业家 和 酒鬼 却 要 好 些,5,353.24
648,至少 他 的 工作 还 有点 意义,5,356.1
649,当 他 点着 了 他 的 路灯 时 就 象 他 增添 了 一 颗 星星 或是 一 朵 花,5,362.11
650,当 他 熄灭 了 路灯 时 就 象 让 星星 或 花朵 睡 着 了 似的,5,367.19
651,这 差事 真 美妙,5,369.26
652,就 是 真正 有用 的 了,5,371.5
653,小王子 一 到 了 这个 行星 上 就 很 尊敬 地 向 点 路灯 的 人 打 招呼,5,377.47
654,早上 好 你 刚才 为什么 把 路灯 灭 了 呢,5,381.35
655,这 是 命令 点灯 的 回答 道,5,384.99
656,早上 好,5,386.18
657,命令 是 什么,5,388.22
658,就 是 熄掉 我 的 路灯,5,390.74
659,晚上 好,5,392.32
660,于是 他 又 点燃 了 路灯,5,395.06
661,那么 为什么 你 又 把 它 点着 了 呢,5,398.54
662,这 是 命令 点灯 的 人 回答 道,5,402.1
663,我 不 明白 小王子 说,5,404.99
664,没 什么 要 明白 的 点灯 的 回答 说,5,408.26
665,命令 就 是 命令,5,410.36
666,早上 好,5,411.58
667,于是 他 又 熄灭 了 路灯,5,414.55
668,然后 他 拿 一 块 有 红 方格子 的 手绢 擦 着 额头,5,418.8
669,我 干 的 是 一 种 可怕 的 职业,5,421.85
670,以前 还 说 得 过去,5,423.36
671,早上 熄灯 晚上 点灯,5,425.61
672,剩下 时间 白天 我 就 休息 夜晚 我 就 睡觉 那么 后来 命令 改变 了 是 吗,5,433.28
673,点灯 的 人 说 命令 没有 改,5,436.71
674,惨 就 惨 在 这里 了,5,439.03
675,这 颗 行星 一 年 比 一 年 转 得 更 快 而 命令 却 没有 改,5,444.42
676,结果 呢,5,446.02
677,小王子 问,5,447.54
678,结果 现在 每 分钟 转 一 圈 我 连 一 秒钟 的 休息 时间 都 没有 了,5,452.58
679,每 分钟 我 就 要 点 一 次 灯 熄 一 次 灯,5,455.95
680,真 有趣,5,457.45
681,你 这里 每天 只有 一 分钟 长,5,460.41
682,一点 趣味 也 没有 点灯 的 说,5,463.59
683,我们 俩 在 一块 说话 就 已经 有 一 个 月 的 时间 了,5,467.09
684,一 个 月,5,468.37
685,对,5,469.22
686,三十 分钟,5,470.43
687,三十 天,5,471.26
688,晚上 好,5,472.49
689,于是 他 又 点着 了 他 的 路灯,5,475.85
690,小王子 瞅 着 他 他 喜欢 这 个 点灯人 如此 忠 守 命令,5,480.76
691,这时 他 想起 了 他 自己 从前 挪动 椅子 寻找 日落 的 事,5,485.65
692,他 很 想 帮助 他 的 这 位 朋友 告诉 你 我 知道 一 种 能 使 你 休息 的 办法 你 要 什么 时候 休息 都 可以 我 老是 想 休息 点灯人 说,5,497.59
693,因为 一 个 人 可以 同时 是 忠实 的 又 是 懒惰 的,5,502.11
694,小王子 接着 说 你 的 这 颗 行星 这样 小 你 三 步 就 可以 绕 它 一 圈,5,508.14
695,你 只要 慢慢 地 走 就 可以 一直 在 太阳 的 照耀 下,5,512.22
696,你 想 休息 的 时候 你 就 这样 走 那么 你 要 白天 有 多 长 它 就 有 多 长,5,518.74
697,这 办法 帮 不 了 我 多 大 忙 点灯人 说,5,523.26
698,生活 中 我 喜欢 的 就是 睡觉,5,526.19
699,真 不 走运 小王子 说,5,529.45
700,真 不 走运 点灯人 说,5,532.28
701,早上 好,5,533.6
702,于是 他 又 熄灭 了 路灯,5,536.53
703,小王子 在 他 继续 往 前 旅行 的 途中 自言自语 地 说道 这个 人 一定 会 被 其他 那些 人 国王 呀 爱 虚荣 的 呀 酒鬼 呀 实业家 呀 所 瞧 不 起,5,550.84
704,可是 唯 有 他 不 使 我 感到 荒唐 可笑,5,554.85
705,这 可能 是 因为 他 所 关心 的 是 别的 事 而 不 是 他 自己,5,559.42
706,他 惋惜 地 叹 了 口 气 并且 又 对 自己 说道 本来 这 是 我 唯一 可以 和 他 交成 朋友 的 人,5,568.25
707,可是 他 的 星球 确实 太 小 了,5,570.75
708,住 不 下 两 个 人 小王子 没有 勇气 承认 的 是 他 留恋 这 颗 令 人 赞美 的 星星 特别 是 因为 在 那里 每 二十四 小时 就 有 一千四百四十 次 日落,5,583.45
709,第六 颗 行星 则 要 大 十 倍,6,1.9
710,上面 住 着 一 位 老 先生 他 在 写作 大部头 的 书,6,5.95
711,瞧,6,7.56
712,来 了 一 位 探险家,6,9.4
713,老 先生 看到 小王子 时 叫 了 起来,6,12.75
714,小王子 在 桌 旁 坐下 有些 气喘吁吁,6,16.01
715,他 跑 了 多少 路 啊,6,17.89
716,你 从 哪里 来 的 呀,6,20.38
717,老 先生 问 小王子,6,22.62
718,这 一 大 本 是 什么 书,6,25.49
719,小王子 问道,6,26.93
720,你 在 这里 干 什么,6,28.64
721,我 是 地理学家 老 先生 答道,6,32.54
722,什么 是 地理学家,6,34.64
723,地理学家 就 是 一 种 学者 他 知道 哪里 有 海洋 哪里 有 江河 城市 山脉 沙漠,6,45.63
724,这 倒 挺 有 意思 小王子 说,6,49.83
725,这 才 是 一 种 真正 的 行当,6,52.11
726,他 朝 四周 看 了 看 这 位 地理学家 的 星球,6,55.36
727,他 还 从来 没有 见 过 一 颗 如此 壮观 的 行星,6,58.74
728,您 的 星球 真 美 呀,6,60.94
729,上面 有 海洋 吗,6,63.03
730,这 我 没 法 知道 地理学家 说,6,67.46
731,啊,6,68.67
732,小王子 大失所望,6,71.18
733,那么 山脉 呢,6,73.61
734,这 我 没法 知道 地理学家 说,6,77.93
735,那么 有 城市 河流 沙漠 吗,6,82.18
736,这 我 也 没法 知道 地理学家 说,6,86.95
737,可 您 还 是 地理学家 呢,6,89.77
738,一点 不错 地理学家 说 但是 我 不 是 探察家,6,96.51
739,我 手下 一 个 探察家 都 没有,6,99.43
740,地理学家 是 不 去 计算 城市 河流 山脉 海洋 沙漠 的,6,106.25
741,地理学家 很 重要 不 能 到处 跑,6,109.85
742,他 不 能 离开 他 的 办公室,6,112.2
743,但 他 可以 在 办公室 里 接见 探察家,6,116.12
744,他 询问 探察家 把 他们 的 回忆 记录 下来,6,120.42
745,如果 他 认为 其中 有 个 探察家 的 回忆 是 有 意思 的 那么 地理学家 就 对 这个 探察家 的 品德 做 一 番 调查,6,130.9
746,这 是 为什么 呢,6,133.03
747,因为 一 个 说 假话 的 探察家 会 给 地理 书 带来 灾难性 的 后果,6,139.22
748,同样 一 个 太 爱 喝酒 的 探察家 也 是 如此,6,144.33
749,这 又 是 为什么,6,146.69
750,小王子 说,6,148.09
751,因为 喝醉 了 酒 的 人 把 一 个 看成 两 个,6,153.01
752,那么 地理学家 就 会 把 只有 一 座 山 的 地方 写成 两 座 山,6,159.53
753,我 认识 一 个 人 他 要是 搞 探察 的话 就 很 可能 是 个 不 好 的 探察员 小王子 说,6,166.66
754,这 是 可能 的,6,168.67
755,因此 如果 探察家 的 品德 不错 就 对 他 的 发现 进行 调查,6,175.31
756,去 看一看 吗,6,176.74
757,不,6,178
758,那 太 复杂 了,6,179.46
759,但是 要求 探察家 提出 证据 来,6,182.77
760,例如 假使 他 发现 了 一 座 大山 就 要求 他 带来 一些 大 石头,6,188.71
761,地理学家 忽然 忙乱 起来,6,191.31
762,正好 你 是 从 老 远 来 的 么,6,194.12
763,你 是 个 探察家,6,195.69
764,你 来 给 我 介绍 你 的 星球 吧,6,198.6
765,于是 已经 打开 登记簿 的 地理学家 削 起 他 的 铅笔 来,6,203.14
766,他 首先 是 用 铅笔 记 下 探察家 的 叙述,6,206.51
767,等到 探察家 提出 了 证据 以后 再 用 墨水笔 记 下来,6,210.22
768,怎么样,6,212.45
769,地理学家 询问 道,6,214.42
770,啊 我 那里 小王子 说道 没有 多 大 意思 那 很 小,6,220.33
771,我 有 三 座 火山,6,221.92
772,两 座 是 活 的 一 座 是 熄灭 了 的,6,225.22
773,但是 也 很 难 说,6,226.74
774,很 难 说 地理学家 说道,6,229.91
775,我 还 有 一 朵 花,6,231.55
776,我们 是 不 记载 花卉 的 地理学家 说,6,235.88
777,这 是 为什么,6,237.41
778,花 是 我 的 星球 上 最 美丽 的 东西,6,240.57
779,因为 花卉 是 短暂 的,6,244.18
780,什么 叫 短暂,6,246.54
781,地理学 书籍 是 所有 书 中 最 严肃 的 书 地理学家 说道,6,253.36
782,这 类 书 是 从不 会 过时 的,6,256.75
783,很少 会 发生 一 座 山 变换 了 位置,6,260.6
784,很少 会 出现 一 个 海洋 干涸 的 现象,6,264.48
785,我们 要 写 永恒 的 东西,6,268.23
786,但是 熄灭 的 火山 也 可能 会 再 复苏 的 小王子 打断 了 地理学家,6,275.28
787,什么 叫 短暂,6,277.49
788,火山 是 熄灭 了 的 也 好 苏醒 的 也 好 这 对 我们 这些 人 来讲 都 是 一 回 事 地理学家 说,6,286.98
789,对 我们 来说 重要 的 是 山,6,290.48
790,山 是 不会 变换 位置 的,6,294.32
791,但是 短暂 是 什么 意思,6,298.14
792,小王子 再三 地 问道 他 一旦 提出 一 个 问题 是 从 不 放过 的,6,303.41
793,意思 就 是 有 很 快 就 会 消失 的 危险,6,308.87
794,我 的 花 是 很 快 就 会 消失 的 吗,6,312.66
795,那 当然,6,314.79
796,小王子 自言自语 地 说 我 的 花 是 短暂 的 而且 她 只有 四 根 刺 来 防御 外侮,6,323.82
797,可 我 还 把 她 独自 留 在 家 里,6,326.67
798,这 是 他 第一 次 产生 了 后悔,6,329.81
799,但 他 又 重新 振作 起来 您 是否 能 建议 我 去 看 些 什么,6,335.07
800,小王子 问道,6,336.69
801,地球 这 颗 行星 地理学家 回答 他 说,6,341.66
802,它 的 名望 很 高 于是 小王子 就 走 了 他 一边 走 一边 想 着 他 的 花,6,350.89
803,第七 个 行星 于是 就 是 地球 了,6,355.13
804,地球 可 不 是 一 颗 普通 的 行星,6,358.2
805,它 上面 有 一百一十一 个 国王 当然 没有 漏掉 黑人 国王 七千 个 地理学家 九十万 个 实业家 七百五十万 个 酒鬼 三亿一千一百万 个 爱 虚荣 的 人 也 就 是 说 大约 有 二十亿 的 大人,6,374.86
806,为了 使 你们 对 地球 的 大小 有 一 个 概念 我 想 要 告诉 你们 在 发明 电 之前 在 六 个 大洲 上 为了 点 路灯 需要 维持 一 支 为数 四十六万二千五百一十一 人 的 真正 大军,6,389.58
807,从 稍 远 的 地方 看 过去 它 给 人 以 一 种 壮丽 辉煌 的 印象,6,394.44
808,这 支 军队 的 行动 就 象 歌剧院 的 芭蕾舞 动作 一样 那么 有条不紊,6,399.74
809,首先 出现 的 是 新西兰 和 澳大利亚 的 点灯人,6,403.24
810,点着 了 灯 随后 他们 就 去 睡觉 了,6,406.46
811,于是 就 轮到 中国 和 西伯利亚 的 点灯人 走上 舞台,6,410.3
812,随后 他们 也 藏到 幕布 后面 去 了,6,412.96
813,于是 就 又 轮到 俄罗斯 和 印度 的 点灯人 了,6,416.75
814,然后 就 是 非洲 和 欧洲 的,6,419.36
815,接着 是 南美 的,6,421.25
816,再 就 是 北美 的,6,422.73
817,他们 从来 也 不 会 搞 错 他们 上场 的 次序,6,425.69
818,真 了不起,6,426.82
819,北极 仅 有 一 盏 路灯 南极 也 只有 一 盏 唯独 北极 的 点灯人 和 他 南极 的 同行 过 着 闲逸 懒散 的 生活 他们 每 年 只 工作 两 次,6,438.67
820,当 人们 想要 说 得 俏皮 些 的 时候 说话 就 可能 会 不 大 实在,6,443.56
821,在 给 你们 讲 点灯人 的 时候 我 就 不 那么 忠实,6,447.87
822,很 可能 给 不 了解 我们 这个 星球 的 人们 造成 一 个 错误 的 概念,6,452.22
823,在 地球 上 人们 所 占 的 位置 非常 小,6,455.55
824,如果 住 在 地球 上 的 二十亿 居民 全 站 着 并且 象 开 大会 一样 靠 得 紧 些 那么 就 可以 从容 地 站 在 一 个 二十 海里 见方 的 广场 上,6,465.22
825,也 就是 说 可以 把 整个 人类 集中 在 太平洋 中 一 个 最 小 的 岛屿 上,6,470.16
826,当然 大人们 是 不会 相信 你们 的,6,473.76
827,他们 自以为 要 占 很 大 地方,6,476.05
828,他们 把 自己 看 得 像 猴面包树 那样 大 得 了不起,6,479.47
829,你们 可以 建议 他们 计算 一下,6,481.54
830,这样 会 使 他们 很 高兴 因为 他们 非常 喜欢 数目字,6,486.43
831,可是 你们 无须 浪费 时间 去 做 这种 乏味 的 连篇累牍 的 演算,6,490.67
832,这 没有 必要,6,491.91
833,你们 可以 完全 相信 我,6,493.93
834,小王子 到 了 地球 上 感到 非常 奇怪 他 一 个 人 也 没有 看到,6,498.94
835,他 正 担心 自己 跑错 了 星球 这时 在 沙地 上 有 一 个 月光色 的 圆环 在 蠕动,6,505.1
836,小王子 毫 无 把握 地 随便 说 了 声 晚安,6,508.96
837,晚安 蛇 说道,6,511.81
838,我 落 在 什么 行星 上,6,514.54
839,小王子 问道,6,515.96
840,在 地球 上 在 非洲 蛇 回答 道,6,520.22
841,啊,6,521.19
842,怎么 难道 说 地球 上 没有 人 吗,6,524.86
843,这里 是 沙漠,6,526.93
844,沙漠 中 没有 人,6,528.7
845,地球 是 很 大 的 蛇 说,6,532.05
846,小王子 坐 在 一 块 石头 上 抬眼 望 着 天空 说道 我 捉摸 这些 星星 闪闪发亮 是否 为了 让 每 个 人 将来 有 一 天 都 能 重新 找到 自己 的 星球,6,544.24
847,看 我 那 颗 行星,6,546.28
848,它 恰好 在 我们 头顶 上 可是 它 离 我们 好 远 哟,6,551.36
849,它 很 美 蛇 说,6,554.1
850,你 到 这里 来 干 什么 呢,6,556.7
851,我 和 一 朵 花 闹 了 别扭 小王子 说,6,561.32
852,啊,6,562.51
853,蛇 说道,6,563.96
854,于是 他们 都 沉默 下来,6,567.26
855,人 在 什么 地方,6,569.97
856,小王子 终于 又 开 了 腔,6,572.36
857,在 沙漠 上 真 有点 孤独 到 了 有 人 的 地方 也 一样 孤独 蛇 说,6,581.02
858,小王子 长 时间 地 看 着 蛇 你 是 个 奇怪 的 动物 小王子 终于 说道 细 得 象 个 手指头 但 我 比 一 个 国王 的 手指 更 有 威力 蛇 说道,6,597.25
859,小王子 微笑 着 说 你 并不 那么 有 威力 你 脚 都 没有 你 甚至 都 不 能 旅行 我 可以 把 你 带到 很 远 的 地方 去 比 一 只 船 能 去 的 地方 还 要 远 蛇 说道,6,612.35
860,蛇 就 盘结 在 小王子 的 脚腕子 上 象 一 只 金 镯子 被 我 碰触 的 人 我 就 把 他 送回 老家 去 蛇 还 说,6,622.42
861,可是 你 是 纯洁 的 而且 是 从 另 一 个 星球 上 来 的 小王子 什么 也 没有 回答,6,630.21
862,在 这 个 花岗石 的 地球 上 你 这么 弱小 我 很 可怜 你,6,635.99
863,如果 你 非常 怀念 你 的 星球 那时 我 可以 帮助 你,6,641.01
864,我 可以 啊,6,643.05
865,我 很 明白 你 的 意思 小王子 说 但是 你 为什么 说话 总是 象 让 人 猜 谜语 似的,6,650.5
866,这些 谜语 我 都 能 解开 的 蛇 说,6,655.25
867,于是 他们 又 都 沉默 起来,6,658.16
868,小王子 穿过 沙漠 他 只 见 过 一 朵 花,6,661.98
869,一 个 有 着 三 枚 花瓣 的 花朵 一 朵 很 不起眼 的 小花 你 好 小王子 说,6,669.51
870,你 好 花 说,6,671.86
871,人 在 什么 地方,6,674.34
872,小王子 有 礼貌 地 问道,6,676.74
873,有 一 天 花 曾 看见 一 支 骆驼 商队 走 过 人 吗,6,682.28
874,我 想 大约 有 六七 个 人,6,685.26
875,几 年 前 我 瞅见 过 他们,6,688.07
876,可是 从来 不 知道 到 什么 地方 去 找 他们,6,691.73
877,风 吹 着 他们 到处 跑,6,693.8
878,他们 没有 根 这 对 他们 来说 是 很 不 方便 的,6,697.88
879,再见 了 小王子 说,6,700.82
880,再见 花 说,6,703.06
881,之后 小王子 爬上 一 座 高山,6,706.32
882,过去 他 所 见 过 的 山 就 是 那 三 座 只有 他 膝盖 那么 高 的 火山,6,710.8
883,并且 他 把 那 座 熄灭 了 的 火山 就 当作 凳子,6,714.86
884,小王子 自言自语 地 说道 从 这么 高 的 山 上 我 一眼 可以 看到 整个 星球 以及 所有 的 人 可是 他 所 看到 的 只 是 一些 非常 锋利 的 悬崖 峭壁,6,728.27
885,你 好 小王子 试探 地 问道,6,732.09
886,你 好 你 好 你 好 回音 在 回答 道,6,738.18
887,你们 是 什么 人,6,740.54
888,小王子 问,6,742.07
889,你们 是 什么 人 你们 是 什么 人 你们 是 什么 人 回音 又 回答 道,6,751.58
890,请 你们 做 我 的 朋友 吧 我 很 孤独 他 说,6,757.32
891,我 很 孤独 我 很 孤独 我 很 孤独 回音 又 回答 着,6,764.91
892,这 颗 行星 真 奇怪,6,768.78
893,小王子 想道,6,766.55
894,它 上面 全 是 干巴巴 的 而且 又 尖利 又 咸涩,6,773.23
895,人们 一点 想象力 都 没有,6,775.2
896,他们 只 是 重复 别人 对 他们 说 的 话 在 我 的 家乡 我 有 一 朵 花 她 总是 自己 先 说话,6,782.88
897,在 沙漠 岩石 雪地 上 行走 了 很 长 的 时间 以后 小王子 终于 发现 了 一 条 大 路,7,6.84
898,所有 的 大 路 都 是 通往 人 住 的 地方 的,7,10.17
899,你们 好 小王子 说,7,13.11
900,这 是 一 个 玫瑰 盛开 的 花园,7,15.92
901,你 好 玫瑰花 说道,7,18.52
902,小王子 瞅 着 这些 花,7,20.43
903,她们 全 都 和 他 的 那 朵 花 一样,7,22.59
904,你们 是 什么 花,7,24.74
905,小王子 惊奇 地 问道,7,26.53
906,我们 是 玫瑰花 花儿们 说道,7,30.39
907,他 感到 自己 非常 不幸,7,33.11
908,他 的 那 朵 花 曾 对 他 说 她 是 整个 宇宙 中 独一无二 的 一 种 花,7,38.12
909,可是 仅 在 这 一 座 花园 里 就 有 五千 朵 完全 一样 的 这种 花朵,7,43.35
910,小王子 自言自语 地 说 如果 她 看到 这些 她 是 一定 会 很 恼火 她 会 咳嗽 得 更 厉害 并且 为 避免 让 人 耻笑 她 会 佯装 死去,7,56.81
911,那么 我 还 得 装 着 去 护理 她 因为 如果 不 这样 的话 她 为了 使 我 难堪 她 可能 会 真的 死去 接着 他 又 说道 我 还 以为 我 有 一 朵 独一无二 的 花 呢 我 有 的 仅 是 一 朵 普通 的 花,7,75.45
912,这 朵 花 再 加上 三 座 只有 我 膝盖 那么 高 的 火山 而且 其中 一 座 还 可能 是 永远 熄灭 了 的 这 一切 不 会 使 我 成为 一 个 了不起 的 王子 于是 他 躺 在 草丛 中 哭泣 起来,7,91.72
913,就 在 这 当 跑来 了 一 只 狐狸,7,95.04
914,你 好 狐狸 说,7,98.31
915,你 好 小王子 很 有 礼貌 地 回答 道 他 转 过 身 来 但 什么 也 没有 看到,7,105.03
916,我 在 这 在 苹果 树 下 那 声音 说,7,110.39
917,你 是 谁 小王子 说,7,113.41
918,你 很 漂亮 我 是 一 只 狐狸 狐狸 说,7,119.46
919,来 和 我 一起 玩 吧 小王子 建议 道,7,122.94
920,我 很 苦恼 我 不 能 和 你 一起 玩 狐狸 说,7,129.07
921,我 还 没有 被 驯服 呢 啊,7,133.14
922,真 对不起 小王子 说,7,136.35
923,思索 了 一会 他 又 说道 什么 叫 驯服 呀,7,141.1
924,你 不是 此 地 人 狐狸 说,7,144.62
925,你 来 寻找 什么,7,146.59
926,我 来 找 人 小王子 说,7,149.85
927,什么 叫 驯服 呢,7,152.1
928,人 狐狸 说 他们 有 枪 他们 还 打猎,7,157.56
929,这 真 碍事,7,158.8
930,他们 也 养 鸡,7,160.38
931,这些 是 他们 唯一 的 可取 之 处,7,163.29
932,你 是 来 寻找 鸡 的 吗,7,165.11
933,不 小王子 说,7,167.45
934,我 是 来 找 朋友 的,7,169.32
935,什么 叫 驯服 呢,7,171.34
936,这 是 已经 早 就 被 人 遗忘 了 的 事情 狐狸 说,7,176.51
937,它 的 意思 就 是 建立 联系 建立 联系,7,181.59
938,一点 不错 狐狸 说,7,184.49
939,对 我 来说 你 还 只 是 一 个 小 男孩 就 像 其他 千万 个 小 男孩 一样,7,190.83
940,我 不 需要 你,7,192.34
941,你 也 同样 用 不 着 我,7,194.23
942,对 你 来说 我 也 不过 是 一 只 狐狸 和 其他 千万 只 狐狸 一样,7,200.71
943,但是 如果 你 驯服 了 我 我们 就 互相 不可 缺少 了,7,206.6
944,对 我 来说 你 就 是 世界 上 唯一 的 了,7,209.75
945,我 对 你 来说 也 是 世界 上 唯一 的 了 我 有点 明白 了 小王子 说,7,217.03
946,有 一 朵 花 我 想 她 把 我 驯服 了 这 是 可能 的 狐狸 说,7,224.49
947,世界 上 什么样 的 事 都 可能 看到,7,227.77
948,啊 这 不 是 在 地球 上 的 事 小王子 说,7,232.11
949,狐狸 感到 十分 蹊跷 在 另 一 个 星球 上 是 的,7,237.31
950,在 那个 星球 上 有 猎人 吗,7,240.1
951,没有,7,241.29
952,这 很 有 意思,7,242.85
953,那么 有 鸡 吗,7,244.85
954,没有,7,246.11
955,没有 十全十美 的 狐狸 叹息 地 说道,7,250.85
956,可是 狐狸 又 把 话题 拉 回来 我 的 生活 很 单调,7,255.59
957,我 捕捉 鸡 而 人 又 捕捉 我,7,258.84
958,所有 的 鸡 全 都 一样 所有 的 人 也 全 都 一样,7,262.63
959,因此 我 感到 有些 厌烦 了,7,265.39
960,但是 如果 你 要是 驯服 了 我 我 的 生活 就 一定 会 是 欢快 的,7,270.87
961,我 会 辨认 出 一 种 与众不同 的 脚步声,7,273.68
962,其他 的 脚步声 会 使 我 躲到 地下 去,7,276.45
963,而 你 的 脚步声 就 会 象 音乐 一样 让 我 从 洞 里 走 出来,7,280.92
964,再 说 你 看 你 看到 那边 的 麦田 没有,7,284.37
965,我 不 吃 面包,7,285.81
966,麦子 对 我 来说 一点 用 也 没有,7,288.19
967,我 对 麦田 无动于衷,7,290.57
968,而 这 真 使 人 扫兴,7,293.29
969,但是 你 有 着 金黄色 的 头发,7,296.21
970,那么 一旦 你 驯服 了 我 这 就 会 十分 美妙,7,300.37
971,麦子 是 金黄色 的 它 就 会 使 我 想起 你,7,304.6
972,而且 我 甚至 会 喜欢 那 风 吹 麦浪 的 声音 狐狸 沉默不语 久久 地 看 着 小王子,7,313.06
973,请 你 驯服 我 吧 它 说,7,316.68
974,我 是 很 愿意 的 小王子 回答 道 可 我 的 时间 不 多 了,7,321.95
975,我 还 要 去 寻找 朋友 还 有 许多 事物 要 了解,7,325.73
976,只有 被 驯服 了 的 事物 才 会 被 了解 狐狸 说,7,330.56
977,人 不 会 再 有 时间 去 了解 任何 东西 的,7,334.29
978,他们 总是 到 商人 那里 去 购买 现成 的 东西,7,337.72
979,因为 世界 上 还 没有 购买 朋友 的 商店 所以 人 也 就 没有 朋友,7,343.12
980,如果 你 想 要 一 个 朋友 那 就 驯服 我 吧,7,347.46
981,那么 应当 做 些 什么 呢,7,350.44
982,小王子 说,7,351.73
983,应当 非常 耐心 狐狸 回答 道,7,355.23
984,开始 你 就 这样 坐 在 草丛 中 坐 得 离 我 稍微 远 些,7,359.41
985,我 用 眼角 瞅着 你 你 什么 也 不 要 说,7,362.31
986,话语 是 误会 的 根源,7,364.79
987,但是 每 天 你 坐 得 靠 我 更 近 些 第二 天 小王子 又 来 了,7,372.15
988,最好 还是 在 原来 的 那个 时间 来 狐狸 说道,7,376.18
989,比如 说 你 下午 四点钟 来 那么 从 三点钟 起 我 就 开始 感到 幸福,7,382.25
990,时间 越 临近 我 就 越 感到 幸福,7,385.59
991,到 了 四点钟 的 时候 我 就 会 坐立不安 我 就 会 发现 幸福 的 代价,7,391.16
992,但是 如果 你 随便 什么 时候 来 我 就 不 知道 在 什么 时候 该 准备 好 我 的 心情 应当 有 一定 的 仪式,7,399.72
993,仪式 是 什么,7,402.76
994,小王子 问道,7,404.16
995,这 也 是 一 种 早已 被 人 忘却 了 的 事 狐狸 说,7,408.79
996,它 就是 使 某 一 天 与 其他 日子 不同 使 某 一 时刻 与 其他 时刻 不同,7,415.11
997,比如 说 我 的 那些 猎人 就 有 一 种 仪式,7,418.54
998,他们 每 星期四 都 和 村子 里 的 姑娘们 跳舞,7,422.11
999,于是 星期四 就 是 一 个 美好 的 日子,7,425.12
1000,我 可以 一直 散步 到 葡萄园 去,7,427.58
1001,如果 猎人们 什么 时候 都 跳舞 天天 又 全 都 一样 那么 我 也 就 没有 假日 了,7,433.72
1002,就 这样 小王子 驯服 了 狐狸,7,437.04
1003,当 离别 的 时刻 就 快 要 来到 时 啊 狐狸 说 我 一定 会 哭 的,7,444.21
1004,这 是 你 的 过错 小王子 说,7,447.62
1005,我 本来 并 不 想 给 你 任何 痛苦 可 你 却 要 我 驯服 你 是 这样 的 狐狸 说,7,455.05
1006,你 可 就 要 哭 了,7,457.48
1007,小王子 说,7,458.92
1008,当然 啰 狐狸 说,7,461.48
1009,那么 你 什么 好处 也 没 得到,7,464.61
1010,由于 麦子 颜色 的 缘故 我 还是 得到 了 好处 狐狸 说,7,470.34
1011,然后 它 又 接着 说 再 去 看看 那些 玫瑰花 吧,7,475.16
1012,你 一定 会 明白 你 的 那 朵 是 世界 上 独一无二 的 玫瑰,7,480.61
1013,你 回来 和 我 告别 时 我 再 赠送 给 你 一 个 秘密,7,485.07
1014,于是 小王子 又 去 看 那些 玫瑰 你们 一点 也 不 象 我 的 那 朵 玫瑰 你们 还 什么 都 不 是 呢 小王子 对 她们 说,7,495.82
1015,没有 人 驯服 过 你们 你们 也 没有 驯服 过 任何 人,7,500.01
1016,你们 就 像 我 的 狐狸 过去 那样,7,502.23
1017,它 那时 只是 和 千万 只 别的 狐狸 一样 的 一 只 狐狸,7,506.4
1018,但是 我 现在 已经 把 它 当成 了 我 的 朋友 于是 它 现在 就 是 世界 上 独一无二 的 了,7,513.45
1019,这时 那些 玫瑰花 显得 十分 难堪,7,517.49
1020,你们 很 美 但 你们 是 空虚 的 小王子 继续 说,7,523.48
1021,没有 人 能 为 你们 去 死,7,526.15
1022,当然 我 的 那 朵 玫瑰花 一 个 普通 的 过路人 以为 她 和 你们 一样,7,531.87
1023,可是 她 单独 一 朵 就 比 你们 全体 更 重要 因为 她 是 我 浇灌 的 因为 她 是 我 放 在 花罩 中 的 因为 她 是 我 用 屏风 保护 起来 的 因为 她 身上 的 毛虫 除了 留下 两三 只 为了 变 蝴蝶 而外 是 我 除灭 的 因为 我 倾听 过 她 的 怨艾 和 自诩 甚至 有时 我 聆听 着 她 的 沉默,7,556.33
1024,因为 她 是 我 的 玫瑰,7,559.49
1025,他 又 回到 了 狐狸 身边 再见 了 小王子 说道 再见 狐狸 说,7,567.4
1026,喏 这 就 是 我 的 秘密,7,570.17
1027,很 简单 只有 用 心 才 能 看 得 清,7,574.63
1028,实质性 的 东西 用 眼睛 是 看 不 见 的,7,578.79
1029,实质性 的 东西 用 眼睛 是 看 不 见 的 小王子 重复 着 这 句 话 以便 能 把 它 记 在 心 间,7,588.99
1030,正 因为 你 为 你 的 玫瑰 花费 了 时间 这 才 使 你 的 玫瑰 变得 如此 重要,7,595.73
1031,正 因为 你 为 你 的 玫瑰 花费 了 时间 小王子 又 重复 着 要 使 自己 记住 这些,7,604.03
1032,人们 已经 忘记 了 这个 道理 狐狸 说,7,608.66
1033,可是 你 不 应该 忘记 它,7,611.1
1034,你 现在 要 对 你 驯服 过 的 一切 负责 到底,7,614.83
1035,你 要 对 你 的 玫瑰 负责 我 要 对 我 的 玫瑰 负责 小王子 又 重复 着 这样 他 能够 记住,7,625.12
1036,你 好 小王子 说道,7,627.98
1037,你 好 扳道工 说道,7,630.91
1038,你 在 这里 做 什么,7,633.17
1039,小王子 问,7,634.48
1040,我 一 包 包 地 分选 旅客 按 每 千 人 一 包 扳道工 说,7,640.23
1041,我 打发 这些 运载 旅客 的 列车 一会 发往 右方 一会 发往 左方,7,646.03
1042,这时 一 列 灯火 明亮 的 快车 雷鸣般 地 响 着 把 扳道房 震 得 颤颤悠悠,7,653.05
1043,他们 真 匆忙 呀 小王子 说,7,656.35
1044,他们 要 寻找 什么,7,658.13
1045,开 机车 的 人 自己 也 不 知道 扳道工 说道,7,662.34
1046,于是 第二 列 灯火 通明 的 快车 又 朝着 相反 的 方向 轰隆 轰隆 地 开 过去,7,668.35
1047,他们 怎么 又 回来 了 呢,7,670.89
1048,小王子 问道 他们 不 是 原来 那些 人 了 扳道工 说,7,675.81
1049,这 是 一 次 对开 列车,7,678.2
1050,他们 不 满意 他们 原来 所 住 的 地方 吗,7,681.82
1051,人们 是 从来 也 不 会 满意 自己 所 在 的 地方 的 扳道工 说,7,687.05
1052,此时 第三 趟 灯火 明亮 的 快车 又 隆隆 而 过,7,691.21
1053,他们 是 在 追随 第一 批 旅客 吗,7,694.81
1054,小王子 问道,7,696.39
1055,他们 什么 也 不 追随 扳道工 说,7,699.42
1056,他们 在 里面 睡觉 或是 在 打哈欠,7,703.23
1057,只有 孩子们 把 鼻子 贴 在 玻璃窗 上 往 外 看,7,707.07
1058,只有 孩子 知道 他们 自己 在 寻找 什么 小王子 说,7,712.62
1059,他们 为 一 个 布娃娃 花费 不少 时间 这 个 布娃娃 就 成 了 很 重要 的 东西 如果 有 人 夺走 的 他们 的 布娃娃 他们 就 哭泣 他们 真 幸运 扳道工 说,7,726.63
1060,你 好 小王子 说,8,1.66
1061,你 好 商人 说道 这 是 一 位 贩卖 能够 止渴 的 精制 药丸 的 商人,8,7.9
1062,每 周 吞服 一 丸 就 不 会 感觉 口渴,8,10.79
1063,你 为什么 卖 这 玩意,8,13.35
1064,小王子 说,8,14.55
1065,这 就 大大 地 节约 了 时间 商人 说,8,18.74
1066,专家们 计算 过,8,20.34
1067,这样 每 周 可以 节约 五十三 分钟,8,23.39
1068,那么 用 这 五十三 分钟 做 什么 用,8,26.78
1069,随便 怎么 用 都 行 小王子 自言自语 地 说 我 如果 有 五十三 分钟 可 支配 我 就 悠哉悠哉 地 向 水泉 走去,8,38.02
1070,这 是 我 在 沙漠 上 出 了 事故 的 第八 天 我 听 着 有关 这个 商人 的 故事 喝 完 了 我 所 备用 的 最后 一 滴 水,8,46.82
1071,啊 我 对 小王子 说 你 回忆 的 这些 故事 真 美 可是 我 还 没有 修 好 我 的 飞机 我 没有 喝 的 了 假如 我 能 悠哉悠哉 地 走到 水泉 边 去 我 一定 也 会 很 高兴 的,8,62.41
1072,小王子 对 我 说 我 的 朋友 狐狸 我 的 小家伙 现在 还 说 什么 狐狸,8,69.72
1073,为什么,8,71.11
1074,因为 我 就 要 渴 死 了 他 不 理解 我 的 思路 他 回答 我 道 即使 快 要 死 了 有 过 一 个 朋友 也 好 么,8,81.93
1075,我 就 为 我 有 过 一 个 狐狸 朋友 而 感到 高兴 他 不 顾 危险 我 自己 思量 着,8,89.47
1076,他 从来 不 知道 饥渴,8,91.48
1077,只要 有点 阳光 他 就 满足 了 他 看 着 我 答复 着 我 的 思想 我 也 渴 了 我们 去 找 一 口 井 吧 我 显出 厌烦 的 样子 在 茫茫 的 大 沙漠 上 盲目 地 去 找 水井 真 荒唐,8,108.16
1078,然而 我们 还是 开始 去 寻找 了,8,111.63
1079,当 我们 默默 地 走 了 好 几 个 小时 以后 天 黑 了 下来 星星 开始 发出 光亮,8,119.1
1080,由于 渴 我 有点 发烧 我 看 着 这些 星星 在 做梦 一样,8,124.89
1081,小王子 的 话 在 我 的 脑海 中 跳来跳去 你 也 渴 吗,8,130.32
1082,我 问 他,8,131.5
1083,他 却 不 回答 我 的 问题,8,133.32
1084,只是 对 我 说 水 对 心 也 是 有 益处 的 我 不 懂 他 的 话 是 什么 意思 可 我 也 不做声 我 知道 不 应该 去 问 他,8,144.37
1085,他 累 了,8,145.75
1086,他 坐 下来,8,147.25
1087,我 在 他 身旁 坐下,8,148.86
1088,沉默 了 一会 他 又 说道 星星 是 很 美 的 因为 有 一 朵 人们 看 不 到 的 花,8,157.38
1089,我 回答 道 当然 而 我 默默 地 看 着 月光 下 沙漠 的 褶皱,8,162.93
1090,沙漠 是 美 的 他 又 说道 确实 如此,8,168.79
1091,我 一直 很 喜欢 沙漠,8,170.43
1092,坐 在 一 个 沙丘 上 什么 也 看 不 见 听 不 见,8,174.07
1093,但是 却 有 一 种 说 不 出 的 东西 在 默默 地 放 着 光芒 使 沙漠 更加 美丽 的 就 是 在 某个 角落 里 藏 着 一 口 井 我 很 惊讶 突然 明白 了 为什么 沙漠 放 着 光芒,8,189.39
1094,当 我 还 是 一 个 小 孩子 的 时候 我 住 在 一 座 古老 的 房子 里 而且 传说 这个 房子 里 埋藏 着 一 个 宝贝,8,197.03
1095,当然 从来 没有 任何 人 能 发现 这个 宝贝 可能 甚至 也 没有 人 去 寻找 过,8,204.07
1096,但是 这个 宝贝 使 整个 房子 着 了 魔 似的,8,208.55
1097,我 家 的 房子 在 它 的 心灵 深处 隐藏 着 一 个 秘密 是 的 我 对 小王子 说道 无论 是 房子 星星 或是 沙漠 使 它们 美丽 的 东西 是 看 不 见 的,8,220.7
1098,我 真 高兴 你 和 我 的 狐狸 的 看法 一样 小王子 说,8,225.97
1099,小王子 睡觉 了 我 就 把 他 抱 在 怀里 又 重新 上路 了,8,232.12
1100,我 很 激动,8,233.59
1101,就 好像 抱 着 一 个 脆弱 的 宝贝,8,235.94
1102,就 好像 在 地球 上 没有 比 这 更 脆弱 的 了,8,238.97
1103,我 借 着 月光 看 着 这 惨白 的 面额 这 双 紧闭 的 眼睛 这 随 风 飘动 的 绺绺 头发 这时 我 对 自己 说道 我 所 看到 的 仅仅 是 外表,8,251.53
1104,最 重要 的 是 看 不 见 的 由于 看到 他 稍稍 张开 的 嘴唇 露出 一 丝 微笑 我 又 自言自语 地 说道 在 这 个 熟睡 了 的 小王子 身上 使 我 非常 感动 的 是 他 对 他 那 朵 花 的 忠诚 是 在 他 心 中 闪烁 的 那 朵 玫瑰花 的 形象 这 朵 玫瑰花 即使 在 小王子 睡着 了 的 时候 也 象 一 盏 灯 的 火焰 一样 在 他 身上 闪耀 着 光辉 这时 我 就 感觉 到 他 更加 脆弱,8,282.55
1105,应该 保护 灯焰 一 阵 风 就 可能 把 它 吹灭 于是 就 这样 走 着 我 在 黎明 时 发现 了 水井,8,292.24
1106,那些 人们 他们 往 快车 里 拥挤 但是 他们 却 不 知道 要 寻找 什么,8,298.99
1107,于是 他们 就 忙忙碌碌 来回 转 圈子 他 接着 又 说 这 没有 必要 我们 终于 找到 的 这 口 井 不同 于 撒哈拉 的 那些 井,8,310.21
1108,撒哈拉 的 井 只是 沙漠 中 挖 的 洞,8,313.04
1109,这 口 井 则 很 像 村子 中 的 井,8,316.21
1110,可是 那里 又 没有 任何 村庄 我 还 以为 是 在 做梦 呢,8,321.7
1111,真 怪 我 对 小王子 说 一切 都 是 现成 的 辘轳 水桶 绳子 他 笑 了 拿 着 绳子 转动 着 辘轳,8,333.02
1112,辘轳 就 象 是 一 个 长期 没有 风 来 吹动 的 旧 风标 一样 吱吱 作响,8,338.43
1113,你 听 小王子 说 我们 唤醒 了 这 口 井 它 现在 唱 起 歌 来 了 我 不 愿 让 他 费劲,8,346.88
1114,让 我 来 干 吧 我 对 他 说 这 活 对 你 太 重 了,8,351.47
1115,我 慢慢 地 把 水桶 提到 井栏 上 我 把 它 稳稳 地 放在 那里,8,356.1
1116,我 的 耳朵 里 还 响 着 辘轳 的 歌声 依然 还 在 晃荡 的 水面 上 我 看见 太阳 的 影子 在 跳动,8,363.68
1117,我 正 需要 喝 这 种 水 小王子 说 给 我 喝 点 这时 我 才 明白 了 他 所 寻找 的 是 什么,8,372.37
1118,我 把 水桶 提到 他 的 嘴边,8,374.73
1119,他 闭 着 眼睛 喝水,8,376.39
1120,就 像 节日 一般 舒适 愉快,8,378.71
1121,这 水 远 不 只 是 一 种 饮料,8,381.86
1122,它 是 披星戴月 走 了 许多 路 才 找到 的 是 在 辘轳 的 歌声 中 经过 我 双臂 的 努力 得来 的,8,388.72
1123,它 像 是 一 件 礼品 慰藉 着 心田,8,391.63
1124,在 我 小 的 时候 圣诞树 的 灯光 午夜 的 弥撒 的 音乐 甜蜜 的 微笑 这 一切 都 使 圣诞节 时 我 收到 的 礼品 辉映 着 幸福 的 光彩,8,402.71
1125,你 这里 的 人 在 同 一 个 花园 中 种植 着 五千 朵 玫瑰 小王子 说 可是 他们 却 不能 从中 找到 自己 所 要 寻找 的 东西 他们 是 找 不 到 的 我 回答 道,8,415.92
1126,然而 他们 所 寻找 的 东西 却 是 可以 从 一 朵 玫瑰花 或 一点 水 中 找到 的 一点 不错 我 回答 道 小王子 又 加 了 一 句 眼睛 是 什么 也 看 不 见 的,8,431.18
1127,应该 用 心 去 寻找 我 喝 了 水,8,435.5
1128,我 痛快 地 呼吸 着 空气,8,437.4
1129,沙漠 在 晨曦 中 泛出 蜂蜜 的 光泽,8,440.39
1130,这 蜂蜜 般 的 光泽 也 使 我 感到 幸福,8,443.33
1131,为什么 我 要 难过 小王子 又 重新 在 我 的 身边 坐下 他 温柔 地 对 我 说 你 应该 实践 你 的 诺言,8,453.77
1132,什么 诺言,8,455.45
1133,你 知道 给 我 的 小 羊 一 个 嘴套子 我 要 对 我 的 花 负责 的 呀 我 从 口袋 中 拿出 我 的 画稿,8,463.7
1134,小王子 瞅见 了 笑 着 说 你 画 的 猴面包树 有点 像 白菜 啊,8,469.91
1135,我 还 为 我 画 的 猴面包树 感到 骄傲 呢,8,473.03
1136,你 画 的 狐狸 它 那 双 耳朵 有点 象 犄角 而且 又 太 长 了,8,479.71
1137,这时 他 又 笑 了,8,482.52
1138,小家伙 你 太 不 公正 了 我 说 我 过去 只 会 画 开着 肚皮 和 闭着 肚皮 的 巨蟒,8,490.65
1139,啊 这 就 行 了 他 说 孩子们 认 得 出来,8,495.96
1140,我 就 用 铅笔 勾画 了 一 个 嘴套,8,499.11
1141,当 我 把 它 递给 小王子 时 我 心里 很 难受 你 的 打算 我 一点 也 不 知道 我 说 但是 他 不 回答 我,8,509.62
1142,他 对 我 说 你 知道 我 落 在 地球 上 到 明天 就 一 周年 了 接着 沉默 了 一会 他 又 说道 我 就 落 在 这 附近 此时 他 的 面颊 绯红,8,524.84
1143,我 不 知 为什么 又 感到 一 阵 莫名其妙 的 心酸,8,529.04
1144,这时 我 产生 了 一 个 问题 一 星期 以前 我 认识 你 的 那 天 早上 你 单独 一 个 人 在 这 旷无人烟 的 地方 走 着 这么 说 这 并不 是 偶然 的 了,8,542.03
1145,你 是 要 回到 你 降落 的 地方 去 是 吗,8,544.93
1146,小王子 的 脸 又 红 了,8,547.05
1147,我 犹豫不定 地 又 说 了 一 句 可能 是 因为 周年 纪念 吧,8,551.95
1148,小王子 脸 又 红 了 他 从来 也 不 回答 这些 问题 但是 脸红 就 等于 说 是 的 是 吧,8,561.5
1149,啊 我 对 他 说 我 有点 怕 但 他 却 回答 我 说 你 现在 该 工作 了,8,570.7
1150,你 应该 回到 你 的 机器 那里 去,8,572.94
1151,我 在 这里 等 你,8,574.25
1152,你 明天 晚上 再 来 但是 我 放心 不 下,8,578.92
1153,我 想起 了 狐狸 的 话,8,581.05
1154,如果 被 人 驯服 了 就 可能 会 要 哭 的,8,585.19
1155,在 井 旁边 有 一 堵 残缺 的 石墙,9,3.16
1156,第二 天 晚上 我 工作 回来 的 时候 我 远远 地 看见 了 小王子 耷拉 着 双腿 坐 在 墙 上,9,9.7
1157,我 听见 他 在 说话 你 怎么 不 记得 了 呢,9,13.5
1158,绝 不 是 在 这,9,15.11
1159,大概 还 有 另 一 个 声音 在 回答 他 因为 他 答 着 腔 说道 没错 没错,9,21.54
1160,日子 是 对 的 但 地点 不 是 这里 我 继续 朝 墙 走去,9,27.72
1161,我 还是 看 不 到 也 听 不 见 任何 别人,9,31.17
1162,可是 小王子 又 回答 道 那 当然,9,34.72
1163,你 会 在 沙 上 看到 我 的 脚印 是 从 什么 地方 开始 的,9,38.33
1164,你 在 那里 等 着 我 就 行 了,9,40.08
1165,今天 夜里 我 去 那里 我 离 墙 约 有 二十 米 远 可 我 依然 什么 也 没有 看见,9,46.57
1166,小王子 沉默 了 一会 又 说 你 的 毒液 管用 吗,9,50.83
1167,你 保证 不 会 使 我 长时间 地 痛苦 吗,9,53.98
1168,我 焦虑 地 赶上 前 去 但 我 仍然 不 明白 是 怎么 回 事,9,58.59
1169,现在 你 去 吧 小王子 说 我 要 下来 了,9,63.66
1170,于是 我 也 朝 墙角 下 看 去 我 吓 了 一 跳,9,68.31
1171,就 在 那里 一 条 黄 蛇 直起 身子 冲 着 小王子 这 种 黄 蛇 半 分钟 就 能 结果 你 的 性命,9,75.84
1172,我 一面 赶紧 掏 口袋 拔 出 手枪 一面 跑 过去 可是 一 听到 我 的 脚步声 蛇 却 象 一 股 干涸 了 的 水柱 一样 慢慢 钻进 沙 里 去 它 不慌不忙 地 在 石头 的 缝隙 中 钻动 着 发出 轻轻 的 金属 般 的 响声,9,91.55
1173,我 到达 墙边 的 时候 正好 把 我 的 这 位 小王子 接 在 我 的 怀抱 中 他 的 脸色 雪 一样 惨白,9,99.31
1174,这 是 搞 的 什么 名堂 我 埋怨 道,9,102.5
1175,你 怎么 竟然 和 蛇 也 谈起 心 来 了,9,104.92
1176,我 解开 了 他 一直 戴 着 的 金黄色 的 围脖,9,108.72
1177,我 用 水 浸湿 了 他 的 太阳穴 让 他 喝 了 点 水,9,112.57
1178,这时 我 什么 也 不 敢 再 问 他,9,115.81
1179,他 严肃 地 看 着 我 用 双臂 搂 着 我 的 脖子,9,119.64
1180,我 感到 他 的 心 就 象 一 只 被 枪弹 击中 而 濒于 死亡 的 鸟 的 心脏 一样 在 跳动 着,9,125.91
1181,他 对 我 说 我 很 高兴 你 找到 了 你 的 机器 所 缺少 的 东西,9,132.11
1182,你 不久 就 可以 回家 去 了 你 怎么 知道 的,9,136.42
1183,我 正 是 来 告诉 他 在 没有 任何 希望 的 情况 下 我 成功 地 完成 了 修理 工作,9,142.9
1184,他 不 回答 我 的 问题 却 接着 说道 我 也 一样 今天 要 回家 去 了 然后 他 忧伤 地 说 我 回家 要 远 得 多 要 难 得 多 我 清楚 地 感到 发生 了 某种 不 寻常 的 事,9,162.48
1185,我 把 他 当作 小孩 一样 紧紧 抱在 怀里 可是 我 感觉 到 他 径直 地 向 着 一 个 无底 深渊 沉陷 下去 我 想 法 拉 住 他 却 怎么 也 办 不 到 他 的 眼神 很 严肃 望 着 遥远 的 地方,9,177.91
1186,我 有 你 画 的 羊 羊 的 箱子,9,182.36
1187,和 羊 的 嘴套子 他 带 着 忧伤 的 神情 微笑 了,9,187.77
1188,我 等 了 很 长 时间,9,190.38
1189,才 觉得 他 身子 渐渐 暖和 起来 小家伙 我 对 他 说 你 受惊 了 他 害怕 了 这 是 无疑 的,9,199.65
1190,他 却 温柔 地 笑 着 说 今天 晚上 我 会 怕 得 更 厉害 我 再度 意识 到 要 发生 一 件 不 可 弥补 的 事,9,209.22
1191,我 觉得 我 的 心 一下子 就 凉 了 这时 我 才 明白 一 想到 再 也 不 能 听到 这 笑声 我 就 不 能 忍受,9,219.32
1192,这 笑声 对 我 来说 就 好像 是 沙漠 中 的 甘泉 一样,9,224.87
1193,小家伙 我 说 我 还 想 听 你 笑 但 他 对 我 说 到 今天 夜里 正好 是 一 年 了,9,235.63
1194,我 的 星球 将 正好 处于 我 去年 降落 的 那个 地方 的 上空 小家伙 这 蛇 的 事 约会 的 事 还 有 星星 这 全 是 一 场 噩梦 吧 但 他 并不 回答 我 的 问题,9,251.72
1195,他 对 我 说 重要 的 事 是 看 不 见 的 当然 这 就 象 花 一样,9,260.42
1196,如果 你 爱上 了 一 朵 生长 在 一 颗 星星 上 的 花 那么 夜间 你 看 着 天空 就 感到 甜蜜 愉快,9,269.25
1197,所有 的 星星 上 都 好像 开 着 花 当然 这 也 就 象 水 一样,9,275.97
1198,由于 那 辘轳 和 绳子 的 缘故 你 给 我 喝 的 井水 好象 音乐 一样 你 记得 吗 这 水 非常 好 喝,9,284.92
1199,当然 夜晚 你 抬头 望 着 星星,9,289.07
1200,我 的 那 颗 太 小 了 我 无法 给 你 指出 我 的 那 颗 星星 是 在 哪里,9,294.88
1201,这样 倒 更 好,9,296.77
1202,你 可以 认为 我 的 那 颗 星星 就 在 这些 星星 之中,9,301.14
1203,那么 所有 的 星星 你 都 会 喜欢 看 的 这些 星星 都 将 成为 你 的 朋友,9,307.85
1204,而且 我 还 要 给 你 一 件 礼物 他 又 笑 了,9,313.05
1205,啊 小家伙 小家伙,9,315.51
1206,我 喜欢 听 你 这 笑声 这 正好 是 我 给 你 的 礼物 这 正好 是,9,322.03
1207,这 就 好像 水 那样 你 说 的 是 什么,9,326.04
1208,人们 都 有 星星 但是 他们 在 不同 人 眼里 并不 都 一样 他 回答,9,332.94
1209,对 旅行 的 人 来说 星星 是 向导,9,336.42
1210,对 别的 人 来说 星星 只 是 些 小 亮光,9,339.98
1211,对 另外 一些 学者 来说 星星 就 是 他们 探讨 的 学问,9,344.72
1212,对 我 所 遇见 的 那个 实业家 来说 星星 是 金钱,9,349.41
1213,但是 所有 这些 星星 都 不 会 说话,9,353.03
1214,你 呢 你 的 那些 星星 将 是 任何 人 都 不 曾 有 过 的 你 说 的 是 什么,9,360.07
1215,夜晚 当 你 望 着 天空 的 时候 既然 我 就 住在 其中 一 颗 星星 上 既然 我 在 其中 一 颗 星星 上 笑 着 那么 对 你 来说 就 好象 所有 的 星星 都 在 笑,9,373.95
1216,那么 你 将 看到 的 星星 就 是 会 笑 的 星星,9,378.52
1217,这时 他 又 笑 了,9,382.01
1218,那么 在 你 得到 了 安慰 之后 人们 总是 会 自我 安慰 的 你 就 会 因为 认识 了 我 而 感到 高兴,9,391.57
1219,你 将 永远 是 我 的 朋友,9,393.81
1220,你 就 会 想要 同 我 一起 笑,9,396.83
1221,有时 你 会 为了 快乐 而 不知不觉 地 打开 窗户 你 的 朋友们 会 奇怪 地 看 着 你 笑 着 仰望 天空,9,405.18
1222,那时 你 就 可以 对 他们 说 是 的 星星 总是 引 我 欢笑,9,411.44
1223,他们 会 以为 你 发疯 了,9,413.57
1224,我 的 恶作剧 将 使 你 难堪 这时 他 又 笑 了,9,420.13
1225,这 就 好象 我 并 没有 给 你 星星 而 是 给 你 一 大 堆 会 笑 出 声 来 的 小 铃铛 他 仍然 笑 着,9,427.93
1226,随后 他 变得 严肃 起来 今天 夜里 你 知道 不 要 来 了,9,436.02
1227,我 不 离开 你,9,437.75
1228,我 说 我 将 会 像 是 很 痛苦 的 样子 我 有点 像 要 死去 似的,9,444.25
1229,就 是 这么 回 事,9,445.79
1230,你 就 别 来 看 这些 了 没有 必要 我 不 离开 你,9,450.94
1231,可是 他 担心 起来,9,454.13
1232,我 对 你 说 这些 这 也 是 因为 蛇 的 缘故,9,458.08
1233,别 让 它 咬 了 你 蛇 是 很 坏 的,9,461.82
1234,它 随意 咬 人 我 不 离开 你,9,465.48
1235,这时 他 似乎 有点 放心 了 对 了 它 咬 第二 口 的 时候 就 没有 毒液 了 这 天 夜里 我 没有 看到 他 起程,9,477.04
1236,他 不声不响 地 跑 了,9,479.27
1237,当 我 终于 赶上 他 的 时候 他 坚定 地 快步 走 着,9,483.1
1238,他 只是 对 我 说道 啊,9,485.66
1239,你 在 这 于是 他 拉 着 我 的 手,9,489.11
1240,但是 他 仍然 很 担心,9,491.12
1241,你 不 该 这样,9,493.34
1242,你 会 难受 的,9,495.01
1243,我 会 象 是 死去 的 样子 但 这 不 会 是 真的 我 默默无言,9,501.71
1244,你 明白,9,503.34
1245,路 很 远,9,504.49
1246,我 不 能 带 着 这 付 身躯 走,9,506.53
1247,它 太 重 了,9,507.88
1248,我 依然 沉默不语,9,510.42
1249,但是 这 就 好像 剥落 的 旧 树皮 一样,9,513.88
1250,旧 树皮 并 没有 什么 可悲 的 我 还是 沉默不语,9,518.62
1251,他 有些 泄气 了,9,520.42
1252,但是 他 又 振作 起来 这 将 是 蛮 好 的 你 知道,9,525.7
1253,我 也 一定 会 看 星星 的,9,527.43
1254,所有 的 星星 都 将 是 带有 生 了 锈 的 辘轳 的 井,9,531.12
1255,所有 的 星星 都 会 倒 水 给 我 喝 我 还是 沉默不语,9,536.19
1256,这 将 是 多么 好玩 啊,9,538.39
1257,你 将 有 五亿 个 铃铛 我 将 有 五亿 口 水井 这时 他 也 沉默 了 因为 他 在 哭,9,548.64
1258,就 是 这 让 我 自个 走 一 步 吧,9,552.56
1259,他 这时 坐 下来 因为 他 害怕 了,9,556.22
1260,他 却 仍然 说道 你 知道 我 的 花 我 是 要 对 她 负责 的,9,561.94
1261,而 她 又 是 那么 弱小,9,564.37
1262,她 又 是 那么 天真,9,566.36
1263,她 只有 四 根 微不足道 的 刺 保护 自己 抵抗 外敌 我 也 坐 了 下来 因为 我 再也 站立 不 住 了,9,576.71
1264,他 说道 就 是 这些 全 都 说 啦 他 犹豫 了 一下 然后 站 起来,9,585.37
1265,他 迈出 了 一 步,9,587.01
1266,而 我 却 动弹不得,9,589.22
1267,在 他 的 脚踝子骨 附近 一 道 黄光 闪 了 一下,9,593.38
1268,刹那 间 他 一动 也 不 动 了,9,596.09
1269,他 没有 叫喊,9,597.9
1270,他 轻轻 地 像 一 棵 树 一样 倒 在 地上,9,601.81
1271,大概 由于 沙地 的 缘故 连 一点 响声 都 没有,9,606.13
1272,到 现在 一点 不 错 已经 有 六 年 了 我 还 从未 讲 过 这个 故事,9,615
1273,同伴们 重新 见到 了 我 都 为 能 看见 我 活 着 回来 而 高兴,9,619.41
1274,我 却 很 悲伤 我 告诉 他们 这 是 因为 疲劳 的 缘故 现在 我 稍微 得到 了 些 安慰,9,628.78
1275,就是 说 还 没有 完全 平静 下来,9,632.01
1276,可 我 知道 他 已经 回到 了 他 的 星球 上 因为 那 天 黎明 我 没有 再 见到 他 的 身躯,9,639.82
1277,他 的 身躯 并不 那么 重 从此 我 就 喜欢 在 夜间 倾听 着 星星,9,646.55
1278,好象 倾听 着 五亿 个 铃铛 可是 现在 却 又 发生 了 不 寻常 的 事,9,652.48
1279,我 给 小王子 画 的 羊嘴套 上 忘 了 画 皮带,9,655.85
1280,他 再也 不 可能 把 它 套 在 羊 嘴 上,9,658.95
1281,于是 我 思忖 着 他 的 星球 上 发生 了 什么 事 呢,9,664.86
1282,大概 小羊 把 花 吃掉 了 吧 有时 我 又 对 自己 说 绝对 不 会 的,9,672.21
1283,小王子 每 天 夜里 都 用 玻璃 罩子 罩住 他 的 花 而且 他 会 把 羊 看管 好 的 我 就 非常 高兴,9,680.16
1284,这时 所有 的 星星 都 在 柔情 地 轻声 笑 着,9,684.66
1285,忽而 我 又 对 自己 说 人们 有时 总 免 不 了 会 疏忽 的 那 就 够戗,9,692.18
1286,某 一 天 晚上 他 忘 了 玻璃 罩子 或者 小羊 夜里 不声不响 地 跑 出来 想到 这里 小 铃铛 都 变成 泪珠 了 这 真 是 一 个 很 大 的 奥秘,9,704.08
1287,对 你们 这些 喜欢 小王子 的 人 来说 就 象 对于 我 来说 一样 无论 什么 地方 凡是 某 处 如果 一 只 羊 尽管 我们 并不 认识 它 吃 了 一 朵 玫瑰花 或是 没有 吃掉 一 朵 玫瑰花 那么 宇宙 的 面貌 就 全然 不同 望 着 天空,9,725.12
1288,你们 想 一 想 是 还是 不 是 羊 究竟 是 吃 了 还是 没有 吃掉 花,9,732.64
1289,那么 你们 就 会 看到 一切 都 变 了 样 任何 一 个 大人 将 永远 不 会 明白 这 个 问题 竟 如此 重要,9,740.65